,Rk,Player,Pos,Age,Tm,G,MP,PER,TS%,3PAr,FTr,ORB%,DRB%,TRB%,AST%,STL%,BLK%,TOV%,USG%,OWS,DWS,WS,WS/48,OBPM,DBPM,BPM,VORP
0,1,Precious Achiuwa,C-PF,24,TOT,34,545,14.2,.506,.265,.235,13.2,21.4,17.2,11.9,1.6,2.9,13.9,19.7,0.0,0.7,0.7,.062,-1.9,0.0,-1.8,0.0
1,1,Precious Achiuwa,C,24,TOR,25,437,15.1,.512,.276,.247,12.4,22.2,17.2,14.0,1.8,2.4,13.3,21.2,0.0,0.5,0.6,.062,-1.3,0.0,-1.3,0.1
2,1,Precious Achiuwa,PF,24,NYK,9,108,10.6,.468,.192,.154,16.5,18.4,17.4,3.7,0.9,5.2,17.8,13.2,0.0,0.2,0.1,.063,-4.0,0.2,-3.8,-0.1
3,2,Bam Adebayo,C,26,MIA,31,1082,20.1,.570,.018,.462,7.0,27.6,17.2,19.9,1.5,2.6,11.7,27.1,1.2,1.8,3.0,.133,0.7,1.3,2.0,1.1
4,3,Ochai Agbaji,SG,23,UTA,42,856,8.6,.540,.585,.076,4.3,9.8,7.1,6.2,1.3,2.4,11.1,12.6,0.2,0.6,0.8,.043,-2.5,-0.2,-2.7,-0.1
5,4,Santi Aldama,PF,23,MEM,30,690,13.8,.541,.511,.192,5.8,20.9,13.1,11.5,1.3,3.0,10.0,19.8,0.1,1.0,1.1,.076,-0.4,0.8,0.4,0.4
6,5,Nickeil Alexander-Walker,SG,25,MIN,40,892,9.4,.546,.668,.102,2.3,6.1,4.3,14.1,2.0,2.4,13.5,13.4,0.2,1.4,1.7,.090,-2.0,2.1,0.2,0.5
7,6,Grayson Allen,SG,28,PHO,35,1169,14.0,.685,.623,.210,2.9,11.4,7.3,12.1,1.3,1.8,13.0,15.1,2.1,0.9,3.0,.123,1.3,-0.5,0.7,0.8
8,7,Jarrett Allen,C,25,CLE,34,1028,22.2,.693,.003,.387,13.0,24.2,18.7,14.5,1.4,3.1,13.8,17.6,3.1,1.9,4.9,.230,2.1,1.8,3.8,1.5
9,8,Jose Alvarado,PG,25,NOP,25,421,13.2,.538,.556,.205,3.2,11.5,7.4,15.1,2.9,2.3,10.8,18.9,0.2,0.6,0.8,.092,-0.9,1.5,0.6,0.3
10,9,Kyle Anderson,PF,30,MIN,40,916,11.7,.520,.118,.357,3.6,13.5,8.9,23.2,1.7,2.6,18.2,15.0,0.3,1.6,1.9,.100,-2.0,2.6,0.6,0.6
11,10,Giannis Antetokounmpo,PF,29,MIL,39,1370,29.6,.650,.092,.588,8.7,26.2,17.8,28.4,1.8,2.5,13.2,33.3,4.9,1.8,6.7,.234,6.1,1.7,7.8,3.4
12,11,Thanasis Antetokounmpo,PF,31,MIL,17,74,4.1,.500,.000,.000,6.2,5.7,5.9,14.6,1.3,3.3,36.4,12.6,-0.1,0.1,-0.1,-0.036,-7.6,-0.5,-8.1,-0.1
13,12,Cole Anthony,PG,23,ORL,40,991,15.4,.555,.353,.351,4.9,14.6,9.7,20.4,1.6,1.8,12.6,24.2,0.8,1.4,2.2,.108,-0.3,0.7,0.3,0.6
14,13,OG Anunoby,SF,26,TOT,36,1225,12.8,.604,.488,.153,3.4,10.2,6.7,9.6,1.6,1.5,11.0,17.4,1.0,1.0,2.1,.080,-0.6,0.0,-0.6,0.4
15,13,OG Anunoby,SF,26,TOR,27,900,12.6,.598,.508,.143,2.9,10.3,6.5,11.1,1.5,1.3,11.2,18.2,0.6,0.6,1.2,.066,-0.9,-0.5,-1.3,0.1
16,13,OG Anunoby,SF,26,NYK,9,325,13.4,.624,.423,.186,4.8,9.9,7.3,5.6,1.8,2.3,10.3,15.2,0.4,0.4,0.8,.121,0.0,1.4,1.3,0.3
17,14,Ryan Arcidiacono,PG,29,NYK,15,34,-1.0,.000,1.000,.000,0.0,19.5,9.8,10.2,1.5,0.0,0.0,6.2,-0.1,0.0,0.0,-0.048,-11.0,1.2,-9.8,-0.1
18,15,Deni Avdija,SF,23,WAS,39,1069,14.8,.590,.294,.305,4.1,19.9,11.8,19.7,1.6,1.1,14.4,18.7,1.0,0.6,1.5,.069,-0.8,-0.3,-1.1,0.3
19,16,Deandre Ayton,C,25,POR,24,760,15.7,.567,.000,.138,11.2,28.1,19.0,8.1,1.8,1.9,15.3,18.1,0.2,0.9,1.2,.074,-2.0,-0.2,-2.2,0.0
20,17,Udoka Azubuike,C,24,PHO,10,79,16.5,.712,.000,.389,13.7,21.1,17.5,3.7,0.0,6.8,12.5,13.2,0.2,0.1,0.2,.146,-1.3,-0.1,-1.4,0.0
21,18,Ibou Badji,C,21,POR,11,160,9.2,.595,.000,.400,11.7,18.9,15.1,6.7,0.6,9.1,33.8,7.0,0.0,0.2,0.2,.066,-7.3,1.9,-5.5,-0.1
22,19,Marvin Bagley III,C,24,DET,26,478,18.0,.638,.033,.337,10.5,17.3,13.9,8.7,0.5,2.4,12.2,20.8,0.9,0.1,1.0,.101,0.4,-1.7,-1.3,0.1
23,20,Amari Bailey,PG,19,CHO,2,11,3.7,.363,.333,.333,19.2,0.0,10.1,0.0,0.0,0.0,12.7,30.9,-0.1,0.0,-0.1,-0.249,-5.5,-8.4,-13.9,0.0
25,21,Patrick Baldwin Jr.,SF,21,WAS,11,84,11.0,.557,.481,.296,6.3,23.3,14.7,6.2,0.6,1.9,8.9,16.8,0.0,0.0,0.1,.046,-3.1,-1.7,-4.8,-0.1
26,22,LaMelo Ball,PG,22,CHO,18,590,21.0,.568,.473,.251,4.5,15.0,9.4,40.7,2.6,0.6,15.3,34.0,0.5,0.3,0.9,.069,4.1,-0.3,3.8,0.9
27,23,Mo Bamba,C,25,PHI,24,215,21.3,.636,.254,.296,17.1,20.3,18.7,8.6,2.3,7.7,15.7,18.8,0.4,0.4,0.9,.194,0.8,1.4,2.2,0.2
28,24,Paolo Banchero,PF,21,ORL,41,1437,16.6,.535,.222,.406,3.9,19.1,11.4,22.8,1.5,1.6,13.1,29.9,-0.1,2.2,2.1,.070,0.5,0.2,0.7,1.0
29,25,Desmond Bane,SG,25,MEM,37,1277,18.9,.597,.460,.201,2.8,11.9,7.2,27.8,1.4,1.5,11.6,28.6,1.7,1.4,3.1,.116,3.4,0.1,3.5,1.8
30,26,Dalano Banton,PG,24,BOS,20,144,11.0,.521,.286,.429,9.3,14.9,12.2,10.0,1.4,1.9,15.3,17.5,0.0,0.2,0.3,.086,-4.4,0.4,-4.0,-0.1
31,27,Dominick Barlow,PF,20,SAS,18,224,12.2,.463,.097,.339,9.4,19.5,14.4,10.7,1.7,3.5,4.0,13.9,0.1,0.2,0.3,.073,-3.3,0.3,-3.0,-0.1
32,28,Harrison Barnes,PF,31,SAC,40,1170,10.8,.622,.565,.282,3.2,7.8,5.4,5.7,1.1,0.5,7.7,13.6,1.4,0.7,2.1,.086,-1.2,-1.1,-2.3,-0.1
33,29,Scottie Barnes,SG,22,TOR,41,1436,19.9,.576,.352,.242,7.1,19.8,13.3,23.6,1.9,3.5,12.7,24.4,1.9,1.8,3.7,.124,3.3,1.3,4.5,2.4
34,30,RJ Barrett,SG,23,TOT,35,1066,15.3,.564,.327,.325,2.9,15.5,9.1,13.3,0.8,1.1,9.9,25.8,0.9,0.9,1.9,.085,0.0,-1.4,-1.4,0.2
35,30,RJ Barrett,SG,23,NYK,26,766,14.2,.536,.335,.320,2.8,13.3,8.0,12.7,0.8,1.1,9.6,27.0,0.4,0.7,1.1,.067,-0.6,-1.7,-2.3,-0.1
36,30,RJ Barrett,SG,23,TOR,9,300,18.3,.654,.301,.341,3.3,21.0,12.0,15.0,0.8,1.2,10.7,22.5,0.6,0.2,0.8,.130,1.5,-0.7,0.8,0.2
37,31,Charles Bassey,C,23,SAS,19,205,17.6,.739,.025,.150,11.8,28.3,19.9,14.2,1.8,7.3,26.0,11.8,0.3,0.3,0.6,.149,-2.0,3.1,1.1,0.2
38,32,Emoni Bates,SF,20,CLE,10,76,3.7,.348,.800,.080,1.5,12.9,7.3,9.9,0.6,2.4,3.7,15.2,-0.1,0.1,0.0,-0.018,-5.5,-0.8,-6.3,-0.1
39,33,Keita Bates-Diop,SF,28,PHO,29,477,10.8,.489,.423,.276,5.8,13.3,9.7,7.5,1.9,2.8,4.2,13.1,0.3,0.5,0.8,.078,-2.1,0.0,-2.1,0.0
40,34,Nicolas Batum,PF,35,TOT,28,692,11.5,.690,.732,.125,4.8,11.8,8.4,11.2,1.3,2.9,13.2,8.4,1.1,0.8,1.9,.135,0.1,1.0,1.1,0.5
41,34,Nicolas Batum,PF,35,LAC,3,54,9.8,.500,.875,.000,0.0,14.4,7.4,11.1,2.7,6.8,11.1,7.3,0.0,0.1,0.1,.098,-1.4,4.3,2.9,0.1
42,34,Nicolas Batum,PF,35,PHI,25,638,11.6,.704,.721,.135,5.2,11.6,8.5,11.2,1.1,2.6,13.4,8.5,1.1,0.7,1.8,.138,0.2,0.7,0.9,0.5
43,35,Bradley Beal,SG,30,PHO,16,508,15.1,.591,.288,.237,2.8,11.1,7.2,19.5,1.4,1.1,13.3,23.8,0.4,0.4,0.8,.076,-0.3,-1.5,-1.8,0.0
44,36,Malik Beasley,SG,27,MIL,39,1139,12.1,.665,.722,.048,2.6,12.3,7.6,5.9,1.2,0.4,6.8,13.6,1.8,0.7,2.4,.103,0.5,-0.7,-0.2,0.5
45,37,MarJon Beauchamp,SF,23,MIL,34,534,8.4,.574,.459,.148,4.3,12.6,8.6,6.7,1.0,0.9,14.3,13.3,0.1,0.3,0.4,.039,-2.6,-1.0,-3.6,-0.2
46,38,Jules Bernard,SG,24,WAS,3,15,-13.9,.125,.750,.000,7.0,0.0,3.6,8.0,0.0,0.0,11.1,25.3,-0.1,0.0,-0.1,-0.476,-18.5,-7.9,-26.4,-0.1
47,39,Dāvis Bertāns,PF,31,OKC,12,83,16.6,.670,.917,.625,2.9,10.2,6.7,11.7,1.2,2.3,3.2,16.5,0.3,0.1,0.4,.220,2.7,0.1,2.9,0.1
48,40,Patrick Beverley,PG,35,PHI,38,695,10.9,.545,.494,.274,4.0,13.8,9.0,17.8,1.4,1.4,14.1,13.4,0.6,0.8,1.4,.098,-1.8,0.5,-1.3,0.1
50,41,Saddiq Bey,SF,24,ATL,40,1298,12.5,.556,.536,.255,8.1,13.8,10.9,5.4,1.5,0.4,7.8,15.8,1.5,0.5,2.0,.075,-0.2,-1.7,-1.9,0.0
51,42,Goga Bitadze,C,24,ORL,37,783,18.7,.641,.051,.386,13.5,22.2,17.8,11.6,1.6,7.0,12.7,12.9,1.7,1.6,3.3,.201,0.0,3.0,3.0,1.0
52,43,Onuralp Bitim,SG,24,CHI,1,3,0.0,,,,0.0,0.0,0.0,0.0,0.0,0.0,,0.0,0.0,0.0,0.0,.001,-7.4,-3.2,-10.7,0.0
53,44,Bismack Biyombo,C,31,MEM,30,718,9.9,.560,.000,.387,8.4,21.1,14.5,9.9,0.7,4.4,21.4,10.5,0.1,1.0,1.1,.075,-4.8,1.6,-3.2,-0.2
54,45,Anthony Black,PG,20,ORL,38,742,8.4,.569,.351,.291,3.1,11.2,7.1,11.8,1.6,1.7,18.5,11.8,0.1,1.0,1.1,.070,-4.2,1.5,-2.7,-0.1
55,46,Leaky Black,SF,24,CHO,11,59,11.2,.597,.300,.200,3.6,10.0,6.6,9.1,2.5,4.6,15.5,9.4,0.0,0.0,0.1,.049,-2.8,1.0,-1.7,0.0
56,47,Bogdan Bogdanović,SG,31,ATL,38,1060,15.7,.562,.603,.132,2.1,10.8,6.3,13.7,2.4,0.7,6.6,23.5,1.4,0.6,2.0,.091,1.3,-0.4,0.9,0.8
57,48,Bojan Bogdanović,PF,34,DET,20,674,13.8,.594,.484,.220,2.1,10.8,6.3,12.1,1.5,0.2,12.4,23.7,0.3,0.1,0.4,.030,0.0,-2.4,-2.4,-0.1
58,49,Bol Bol,PF,24,PHO,12,86,22.4,.813,.217,.217,12.6,23.2,18.1,10.6,1.7,6.2,19.2,15.7,0.2,0.1,0.4,.210,2.9,2.0,4.9,0.2
59,50,Marques Bolden,C,25,MIL,2,3,3.1,,,,0.0,70.4,36.5,0.0,0.0,0.0,,0.0,0.0,0.0,0.0,.098,-7.9,2.1,-5.8,0.0
60,51,Devin Booker,PG,27,PHO,31,1114,21.4,.602,.289,.366,2.4,12.7,7.8,36.1,1.1,0.9,11.6,29.7,3.1,0.8,3.8,.165,3.5,-1.5,2.0,1.1
61,52,Brandon Boston Jr.,SF,22,LAC,8,59,11.7,.520,.438,.188,6.0,9.4,7.7,10.1,0.8,0.0,8.0,27.8,0.0,0.0,0.1,.041,-4.1,-4.3,-8.4,-0.1
62,53,Chris Boucher,PF,31,TOR,38,539,14.9,.593,.444,.391,8.7,22.3,15.4,3.5,1.2,3.1,7.9,17.0,0.7,0.6,1.3,.117,-1.0,-1.0,-2.0,0.0
63,54,James Bouknight,SG,23,CHO,10,64,18.5,.648,.733,.067,1.6,14.7,7.8,15.0,0.0,1.4,3.1,21.5,0.2,0.0,0.2,.122,6.8,-1.7,5.1,0.1
64,55,Jamaree Bouyea,PG,24,POR,6,57,-4.7,.238,.381,.000,3.7,17.0,9.8,19.5,0.0,0.0,27.6,21.4,-0.4,0.0,-0.4,-0.297,-13.1,-4.9,-18.0,-0.2
65,56,Malaki Branham,PG,20,SAS,39,841,8.1,.506,.395,.071,1.5,8.6,5.0,15.7,0.9,0.4,12.6,19.1,-0.8,0.2,-0.5,-0.029,-4.2,-2.2,-6.4,-0.9
66,57,Christian Braun,SG,22,DEN,42,818,11.9,.553,.308,.297,3.9,16.4,10.3,10.2,1.0,1.7,9.7,17.4,0.5,0.9,1.4,.081,-1.9,-0.6,-2.5,-0.1
67,58,Mikal Bridges,SF,27,BRK,40,1390,16.0,.564,.358,.313,2.8,13.8,8.2,16.3,1.2,1.2,11.0,26.1,1.2,0.9,2.1,.072,0.6,-1.1,-0.5,0.5
68,59,Miles Bridges,SF,25,CHO,27,987,14.9,.556,.376,.186,2.5,19.8,10.7,12.8,1.5,1.2,10.0,24.0,0.2,0.4,0.7,.032,-0.5,-1.3,-1.7,0.1
69,60,Oshae Brissett,SF,25,BOS,25,295,14.2,.567,.413,.507,11.0,16.6,13.9,6.1,2.0,0.3,6.1,14.2,0.6,0.5,1.0,.166,-0.8,0.8,0.0,0.1
71,61,Malcolm Brogdon,PG,31,POR,31,832,16.9,.553,.426,.217,2.4,12.5,7.1,31.4,1.3,0.4,9.0,23.1,1.4,0.5,1.8,.106,2.6,-0.6,2.0,0.8
72,62,Armoni Brooks,PG,25,BRK,10,104,8.3,.448,.696,.043,7.0,11.5,9.2,6.7,0.5,0.9,6.0,20.4,-0.1,0.0,0.0,-0.017,-2.2,-3.6,-5.8,-0.1
73,63,Dillon Brooks,SF,28,HOU,31,962,10.3,.593,.429,.202,2.6,9.3,6.0,7.3,1.5,0.2,12.3,18.2,0.3,1.1,1.4,.068,-3.0,0.3,-2.8,-0.2
74,64,Bruce Brown,SG,27,IND,33,981,12.1,.568,.322,.261,2.9,15.1,9.0,12.3,1.7,0.6,10.5,16.5,0.9,0.5,1.3,.065,-1.6,-0.7,-2.3,-0.1
75,65,Charlie Brown Jr.,SG,26,NYK,3,5,-19.1,.375,.750,.000,0.0,0.0,0.0,0.0,0.0,0.0,33.3,50.8,-0.1,0.0,-0.1,-0.727,-18.2,-16.9,-35.1,0.0
76,66,Greg Brown III,PF,22,DAL,6,40,10.4,.501,.273,.818,8.0,16.6,12.2,13.1,0.0,8.8,21.1,20.1,0.0,0.0,0.0,-0.006,-4.8,0.4,-4.4,0.0
77,67,Jaylen Brown,SF,27,BOS,38,1273,18.2,.585,.332,.246,3.2,13.0,8.3,16.9,1.5,1.7,11.6,28.8,1.3,1.8,3.1,.117,0.9,0.1,1.0,1.0
78,68,Kendall Brown,SG,20,IND,3,17,10.8,.524,.200,1.200,13.5,0.0,6.8,6.8,0.0,0.0,0.0,18.6,0.0,0.0,0.0,.106,-2.4,-3.6,-6.0,0.0
79,69,Kobe Brown,PF,24,LAC,25,250,6.1,.492,.643,.036,2.8,12.8,8.0,7.5,1.2,1.1,6.6,10.6,0.1,0.2,0.3,.054,-4.4,0.4,-4.0,-0.1
80,70,Moses Brown,C,24,POR,9,82,12.8,.395,.000,.190,22.9,41.4,31.4,3.5,1.2,3.3,14.9,13.8,0.0,0.1,0.1,.046,-4.9,-2.3,-7.2,-0.1
81,71,Troy Brown Jr.,SF,24,MIN,34,393,11.7,.607,.717,.195,4.3,14.9,10.0,11.6,1.0,0.4,12.8,15.7,0.4,0.6,1.0,.119,-0.2,0.6,0.4,0.2
82,72,Jalen Brunson,PG,27,NYK,39,1392,20.7,.590,.343,.303,1.9,9.8,5.9,29.7,1.3,0.5,9.6,28.8,3.7,1.3,5.0,.172,4.6,-0.5,4.0,2.1
83,73,Thomas Bryant,C,26,MIA,22,237,15.0,.605,.041,.274,10.5,23.8,17.1,8.4,1.2,2.1,15.5,18.0,0.2,0.3,0.6,.112,-2.6,-0.3,-2.9,-0.1
84,74,Kobe Bufkin,SG,20,ATL,2,4,-10.1,.129,.333,.667,26.3,27.9,27.1,0.0,0.0,0.0,0.0,39.7,0.0,0.0,0.0,-0.532,-19.2,-13.1,-32.3,0.0
85,75,Reggie Bullock,SF,32,HOU,17,158,7.3,.550,.743,.029,1.4,15.0,8.3,7.5,0.6,1.2,10.1,10.8,0.0,0.2,0.2,.061,-2.7,-0.2,-2.8,0.0
86,76,Alec Burks,SG,32,DET,34,675,14.7,.574,.594,.324,2.4,10.2,6.2,9.9,1.1,1.1,6.3,23.9,0.9,0.1,1.1,.075,1.2,-2.2,-0.9,0.2
87,77,Jared Butler,SG,23,WAS,17,128,21.2,.689,.480,.300,0.0,9.4,4.6,35.4,2.9,1.3,15.0,22.0,0.4,0.1,0.4,.164,3.2,0.4,3.6,0.2
88,78,Jimmy Butler,PF,34,MIA,26,877,21.1,.606,.148,.599,6.3,10.8,8.5,21.1,1.6,1.1,9.0,25.1,2.4,1.0,3.4,.187,3.1,-0.3,2.9,1.1
89,79,Jamal Cain,PF,24,MIA,14,209,11.5,.538,.379,.288,6.5,9.4,7.9,2.1,2.1,1.9,5.1,16.5,0.1,0.3,0.4,.084,-2.5,0.1,-2.4,0.0
90,80,Kentavious Caldwell-Pope,SG,30,DEN,40,1290,10.8,.598,.479,.211,1.5,6.2,3.9,9.6,2.3,1.5,10.7,12.9,1.1,1.4,2.5,.092,-2.0,0.8,-1.2,0.3
92,81,Toumani Camara,PF,23,POR,39,974,9.0,.503,.450,.221,8.2,14.3,11.0,5.6,1.9,2.0,14.7,13.9,-0.3,0.9,0.6,.028,-4.4,0.0,-4.5,-0.6
93,82,Clint Capela,C,29,ATL,38,995,20.7,.604,.000,.326,19.0,24.0,21.5,5.5,1.2,5.5,8.7,16.1,2.5,1.0,3.5,.167,1.0,-0.9,0.1,0.5
94,83,Jevon Carter,PG,28,CHI,40,580,7.7,.478,.649,.022,0.9,5.1,3.0,11.6,1.8,1.9,9.2,18.9,-0.5,0.5,-0.1,-0.006,-3.7,-0.5,-4.2,-0.3
95,84,Wendell Carter Jr.,C,24,ORL,15,359,13.5,.588,.371,.305,7.1,21.8,14.3,10.3,0.8,2.3,11.8,16.0,0.4,0.5,0.9,.122,-0.6,0.6,0.0,0.2
96,85,Alex Caruso,SG,29,CHI,35,891,15.1,.633,.575,.227,4.3,11.2,7.7,14.5,2.6,3.5,14.5,15.7,1.2,1.1,2.3,.124,0.5,2.2,2.7,1.0
97,86,Colin Castleton,C,23,LAL,4,28,17.3,.676,.000,.250,12.3,15.2,13.8,15.3,0.0,0.0,0.0,13.7,0.1,0.0,0.1,.225,0.1,-1.7,-1.6,0.0
98,87,Malcolm Cazalon,SG,22,DET,1,3,0.0,,,,0.0,0.0,0.0,0.0,0.0,0.0,,0.0,0.0,0.0,0.0,-0.022,-6.3,-3.2,-9.5,0.0
99,88,Julian Champagnie,SF,22,SAS,33,500,10.9,.579,.740,.201,2.3,12.5,7.3,8.4,1.8,2.8,11.6,15.9,0.1,0.4,0.5,.047,-1.7,-0.3,-2.0,0.0
100,89,Max Christie,SG,20,LAL,32,558,7.3,.521,.483,.179,1.9,16.0,9.2,7.9,1.1,1.3,13.8,14.0,-0.4,0.6,0.2,.020,-4.4,-0.3,-4.8,-0.4
101,90,Sidy Cissoko,SF,19,SAS,5,32,5.5,.387,.667,.667,0.0,20.5,10.0,0.0,4.4,0.0,11.4,11.5,-0.1,0.0,0.0,-0.015,-9.4,0.5,-8.9,-0.1
102,91,Jordan Clarkson,SG,31,UTA,32,958,13.7,.529,.371,.260,3.8,9.1,6.5,26.1,1.2,0.5,14.8,27.5,0.1,0.4,0.6,.028,-0.7,-2.7,-3.3,-0.3
103,92,Nic Claxton,C,24,BRK,30,866,20.1,.642,.004,.370,11.3,26.4,18.6,8.8,1.0,7.1,11.0,15.6,1.8,1.3,3.0,.168,0.4,1.4,1.7,0.8
104,93,Noah Clowney,PF,19,BRK,2,27,18.5,.709,.111,.222,11.5,8.1,9.9,11.6,0.0,0.0,9.2,17.1,0.1,0.0,0.1,.170,0.3,-3.3,-3.0,0.0
105,94,Amir Coffey,SF,26,LAC,28,432,8.9,.659,.506,.184,3.0,8.7,5.9,5.3,0.9,0.0,11.3,10.7,0.5,0.3,0.7,.083,-2.0,-0.9,-3.0,-0.1
106,95,John Collins,PF,26,UTA,38,1060,14.7,.594,.342,.222,8.2,21.9,15.1,5.1,1.0,2.4,11.5,19.5,1.0,1.0,2.0,.090,-0.8,-1.1,-1.9,0.0
107,96,Zach Collins,C,26,SAS,31,810,14.1,.585,.353,.249,7.6,17.0,12.2,18.6,1.0,2.6,17.2,21.4,0.3,0.6,0.9,.052,-1.6,-0.3,-1.9,0.0
108,97,Mike Conley,PG,36,MIN,39,1137,15.5,.627,.644,.164,1.4,8.7,5.3,30.2,1.6,0.5,10.8,14.7,2.9,1.6,4.5,.190,2.0,1.2,3.2,1.5
109,98,Pat Connaughton,SF,31,MIL,35,769,9.0,.575,.724,.122,3.6,12.8,8.3,9.9,0.9,0.7,10.4,10.1,0.7,0.4,1.1,.071,-1.2,-0.3,-1.5,0.1
110,99,Bilal Coulibaly,SF,19,WAS,38,1008,9.6,.574,.413,.289,3.3,14.3,8.7,8.8,1.5,2.3,16.0,13.6,0.0,0.4,0.4,.018,-3.3,-0.7,-3.9,-0.5
111,100,Ricky Council IV,SG,22,PHI,1,6,-6.2,.000,1.000,.000,0.0,0.0,0.0,0.0,0.0,0.0,0.0,7.1,0.0,0.0,0.0,-0.155,-9.9,-3.8,-13.7,0.0
113,101,Robert Covington,SF-PF,33,TOT,29,488,13.4,.580,.571,.265,7.1,14.7,11.0,6.1,3.9,3.2,9.1,10.5,0.6,1.0,1.5,.152,-1.0,3.3,2.3,0.5
114,101,Robert Covington,PF,33,LAC,3,69,10.6,.455,.889,.222,3.4,9.6,6.6,11.9,4.3,2.7,0.0,6.2,0.1,0.1,0.2,.131,-2.2,4.3,2.2,0.1
115,101,Robert Covington,SF,33,PHI,26,419,13.8,.593,.539,.270,7.7,15.6,11.7,5.2,3.8,3.3,9.9,11.2,0.5,0.8,1.4,.156,-0.8,3.1,2.4,0.5
116,102,Torrey Craig,SF,33,CHI,27,572,11.2,.553,.547,.165,9.4,15.9,12.6,6.6,1.5,1.8,9.7,12.7,0.6,0.6,1.2,.098,-2.3,-0.1,-2.5,-0.1
117,103,Jae Crowder,PF,33,MIL,10,259,12.0,.665,.683,.233,1.8,13.0,7.6,7.1,1.5,0.9,5.7,11.5,0.4,0.2,0.6,.113,1.0,0.2,1.2,0.2
118,104,Cade Cunningham,PG,22,DET,36,1241,15.6,.544,.292,.237,1.4,12.1,6.6,33.7,1.3,0.8,15.3,30.2,0.0,0.3,0.3,.013,0.7,-2.3,-1.6,0.1
119,105,Seth Curry,SG,33,DAL,33,424,8.2,.496,.561,.121,3.3,8.9,6.0,7.9,1.9,0.6,9.1,15.3,-0.1,0.3,0.2,.027,-3.3,-0.8,-4.2,-0.2
120,106,Stephen Curry,PG,35,GSW,37,1228,20.5,.622,.600,.301,1.5,12.4,6.9,23.9,1.3,1.1,12.4,31.0,2.6,0.7,3.4,.132,5.9,-1.3,4.6,2.0
121,107,Dyson Daniels,PG,20,NOP,42,947,11.5,.514,.436,.218,5.1,13.7,9.4,15.5,2.8,1.4,13.9,12.7,0.5,1.4,1.9,.094,-2.0,2.2,0.2,0.5
122,108,Anthony Davis,C,30,LAL,40,1444,25.5,.620,.063,.413,9.9,26.6,18.6,16.6,1.6,6.2,10.1,27.0,3.5,2.7,6.2,.205,3.3,2.0,5.4,2.7
123,109,Johnny Davis,SG,21,WAS,19,150,8.0,.468,.063,.104,6.3,8.0,7.1,4.4,2.2,0.5,9.1,15.5,-0.1,0.0,-0.1,-0.027,-5.4,-2.1,-7.5,-0.2
124,110,JD Davison,SG,21,BOS,2,6,15.3,.532,1.000,2.000,18.6,17.0,17.7,0.0,0.0,0.0,0.0,13.4,0.0,0.0,0.0,.204,-0.7,-1.6,-2.3,0.0
125,111,Dexter Dennis,SG,24,DAL,4,30,18.3,.541,.421,.158,3.6,29.5,16.3,24.0,0.0,2.9,12.9,33.0,0.0,0.0,0.0,.001,1.9,-0.4,1.6,0.0
126,112,DeMar DeRozan,SF,34,CHI,40,1480,18.4,.565,.171,.401,1.6,10.4,5.9,22.4,1.5,1.9,6.8,24.8,2.9,1.3,4.1,.134,1.3,0.0,1.4,1.3
127,113,Moussa Diabaté,C,22,LAC,10,58,23.7,.580,.000,.667,28.4,11.5,19.7,9.3,3.4,0.0,7.9,19.0,0.2,0.1,0.3,.250,4.2,-1.1,3.1,0.1
128,114,Mamadi Diakite,PF,27,SAS,3,16,30.3,.785,.000,1.200,6.6,13.7,10.0,20.4,0.0,5.5,0.0,20.0,0.1,0.0,0.1,.338,7.6,3.6,11.1,0.1
129,115,Hamidou Diallo,SG,25,WAS,2,5,33.0,.500,.000,.000,42.3,0.0,21.4,28.4,18.6,0.0,33.3,25.3,0.0,0.0,0.0,.199,2.6,15.8,18.4,0.0
130,116,Gradey Dick,SG,20,TOR,21,258,4.5,.452,.658,.205,2.9,7.0,4.9,10.0,1.5,0.0,15.0,15.5,-0.3,0.1,-0.1,-0.026,-6.6,-1.3,-7.8,-0.4
131,117,Ousmane Dieng,PF,20,OKC,22,250,9.4,.552,.667,.154,4.3,13.5,9.2,9.5,0.4,0.0,10.7,16.1,0.1,0.2,0.3,.059,-1.8,-1.6,-3.5,-0.1
132,118,Spencer Dinwiddie,PG,30,BRK,38,1166,14.0,.532,.553,.338,2.0,10.8,6.3,27.6,1.4,0.5,10.7,19.4,1.5,0.7,2.2,.091,-0.2,-0.7,-0.9,0.3
133,119,Donte DiVincenzo,SG,27,NYK,41,895,16.4,.623,.724,.138,3.7,12.1,7.9,14.4,2.6,1.2,10.8,19.2,1.6,1.2,2.8,.152,2.4,1.6,4.0,1.4
134,120,Luka Dončić,PG,24,DAL,35,1287,27.6,.613,.442,.371,2.0,22.8,12.2,43.1,1.8,1.4,12.6,36.2,3.8,1.6,5.4,.200,8.4,1.1,9.5,3.8
136,121,Luguentz Dort,SF,24,OKC,39,1117,12.3,.620,.561,.266,5.2,9.8,7.7,5.9,1.4,2.6,9.2,15.2,1.5,1.2,2.7,.116,-0.6,-0.2,-0.8,0.3
137,122,Ayo Dosunmu,SG,24,CHI,40,912,11.6,.572,.418,.158,3.3,8.8,6.0,12.6,1.5,1.5,10.4,15.7,0.7,0.7,1.5,.077,-2.1,0.0,-2.1,0.0
138,123,Andre Drummond,C,30,CHI,42,674,23.0,.557,.009,.474,22.4,36.5,29.2,5.5,3.6,4.0,14.8,21.6,0.7,1.6,2.3,.165,0.1,0.3,0.3,0.4
139,124,Chris Duarte,SF,26,SAC,34,458,6.1,.476,.536,.192,3.1,12.8,7.8,8.8,1.9,0.4,12.9,14.4,-0.3,0.4,0.1,.012,-5.7,0.1,-5.6,-0.4
140,125,Kris Dunn,PG,29,UTA,34,593,13.3,.541,.307,.107,3.9,13.7,8.9,31.4,2.5,2.4,21.5,14.0,0.5,0.7,1.2,.093,-1.3,1.9,0.6,0.4
141,126,Kevin Durant,PF,35,PHO,33,1219,23.5,.642,.241,.387,1.5,17.5,9.8,27.0,1.1,2.7,12.9,30.4,3.2,1.2,4.4,.172,5.8,-0.1,5.7,2.4
142,127,Jalen Duren,C,20,DET,26,775,19.1,.664,.008,.246,12.2,31.8,21.7,13.3,0.7,2.6,16.5,18.1,1.3,0.6,1.9,.119,0.2,-0.1,0.1,0.4
143,128,Tari Eason,PF,22,HOU,22,480,17.3,.528,.265,.175,10.5,24.0,17.3,8.5,3.2,3.7,8.9,20.1,0.2,1.1,1.3,.126,-0.6,2.2,1.6,0.4
144,129,Anthony Edwards,SG,22,MIN,37,1283,19.6,.583,.332,.339,2.5,14.4,8.8,24.4,1.8,1.5,13.3,32.6,1.1,2.3,3.3,.125,2.7,0.7,3.4,1.8
145,130,Kessler Edwards,SF,23,SAC,28,138,9.7,.538,.610,.098,4.0,13.3,8.5,6.6,0.7,1.3,2.3,13.4,0.1,0.1,0.2,.074,-1.3,-1.2,-2.5,0.0
146,131,Keon Ellis,SG,24,SAC,27,340,10.9,.602,.819,.205,2.9,9.5,6.1,13.0,2.0,3.2,14.2,13.2,0.3,0.4,0.6,.092,-1.2,1.1,-0.1,0.2
147,132,Joel Embiid,C,29,PHI,29,992,34.4,.650,.154,.548,8.5,28.4,18.6,32.9,1.6,4.9,12.4,38.2,4.3,2.0,6.3,.304,8.8,3.6,12.3,3.6
148,133,Drew Eubanks,C,26,PHO,35,551,14.4,.635,.023,.386,10.9,19.3,15.3,7.9,1.1,5.0,18.9,15.0,0.6,0.7,1.2,.108,-2.5,0.1,-2.4,-0.1
149,134,Dante Exum,PG,28,DAL,30,586,17.3,.665,.321,.207,3.3,13.0,8.1,21.0,1.5,0.7,11.0,17.1,1.5,0.5,1.9,.159,1.3,-0.1,1.2,0.5
150,135,Bruno Fernando,C,25,ATL,12,81,13.4,.553,.077,.731,9.1,24.8,16.7,5.1,1.2,5.3,16.9,20.9,0.0,0.1,0.0,.027,-4.4,-0.5,-4.9,-0.1
151,136,Dorian Finney-Smith,PF,30,BRK,37,1053,10.9,.569,.676,.047,6.8,11.3,9.0,6.0,1.3,1.7,8.4,13.4,1.0,0.7,1.6,.075,-1.0,-0.6,-1.7,0.1
152,137,Malachi Flynn,PG,25,TOT,37,503,10.0,.530,.588,.189,2.8,12.1,7.4,19.4,1.8,1.0,17.5,16.5,0.0,0.4,0.4,.038,-2.9,0.2,-2.7,-0.1
153,137,Malachi Flynn,PG,25,TOR,31,474,10.1,.535,.584,.161,3.0,12.4,7.6,19.8,1.8,1.1,18.4,16.2,0.0,0.4,0.4,.038,-2.8,0.3,-2.5,-0.1
154,137,Malachi Flynn,PG,25,NYK,6,29,9.1,.477,.636,.545,0.0,7.6,3.8,14.3,1.7,0.0,6.8,21.4,0.0,0.0,0.0,.042,-5.5,-0.1,-5.6,0.0
155,138,Simone Fontecchio,SF,28,UTA,40,901,10.7,.590,.649,.124,4.4,10.9,7.7,8.2,1.3,1.6,12.9,15.7,0.5,0.6,1.1,.059,-1.0,-0.9,-1.8,0.0
156,139,Jordan Ford,PG,25,SAC,6,22,16.6,.761,.429,.286,0.0,10.5,5.1,12.7,0.0,0.0,11.3,17.1,0.1,0.0,0.1,.150,3.2,-1.4,1.8,0.0
157,140,Trent Forrest,SG,25,ATL,14,157,8.1,.447,.108,.270,3.4,12.1,7.6,20.5,1.5,0.5,16.2,12.9,0.0,0.1,0.0,.015,-4.4,-0.1,-4.5,-0.1
159,141,Evan Fournier,SG,31,NYK,2,33,7.8,.355,.750,.125,0.0,10.1,5.0,12.3,6.0,0.0,5.6,22.9,-0.1,0.1,0.0,-0.021,-8.5,1.6,-6.8,0.0
160,142,De'Aaron Fox,PG,26,SAC,34,1207,20.8,.581,.389,.317,2.8,10.4,6.5,26.4,2.2,1.0,9.8,31.9,1.9,1.2,3.1,.123,3.6,-0.8,2.8,1.5
161,143,Javon Freeman-Liberty,PG,24,TOR,1,2,16.2,.333,.000,.000,54.3,0.0,27.6,0.0,0.0,0.0,0.0,64.0,0.0,0.0,0.0,-0.293,-7.9,-14.1,-22.1,0.0
162,144,Alex Fudge,SF,20,LAL,4,14,-1.9,.291,.333,.333,16.4,0.0,7.9,0.0,0.0,0.0,12.7,24.3,-0.1,0.0,-0.1,-0.220,-10.0,-8.0,-18.1,-0.1
163,145,Markelle Fultz,PG,25,ORL,10,241,11.4,.458,.036,.120,6.0,10.0,8.0,22.4,2.4,1.1,12.9,17.8,-0.1,0.4,0.2,.048,-3.1,1.9,-1.2,0.1
164,146,Daniel Gafford,C,25,WAS,36,939,19.1,.708,.000,.437,10.7,20.6,15.6,8.2,1.6,6.7,12.6,13.6,2.3,0.9,3.2,.163,-0.8,0.8,0.0,0.5
165,147,Danilo Gallinari,PF,35,WAS,26,385,13.5,.581,.489,.427,3.3,18.1,10.6,10.7,0.7,0.6,7.2,18.4,0.5,0.1,0.6,.070,-0.9,-2.0,-2.9,-0.1
166,148,Darius Garland,PG,24,CLE,20,680,15.7,.573,.324,.283,2.0,6.9,4.5,26.5,2.3,0.5,17.4,27.7,0.1,0.9,1.0,.071,0.5,-0.5,0.0,0.3
167,149,Usman Garuba,PF,21,GSW,2,6,4.4,.000,.000,.000,0.0,0.0,0.0,19.1,8.1,0.0,0.0,7.0,0.0,0.0,0.0,.001,-7.3,5.6,-1.7,0.0
168,150,Luka Garza,C,25,MIN,7,22,6.3,.384,.313,.500,22.1,19.4,20.6,14.5,0.0,0.0,9.3,42.9,-0.1,0.0,-0.1,-0.130,-13.6,-6.8,-20.3,-0.1
169,151,Kaiser Gates,SF,27,NOP,1,7,-19.6,.000,.500,.000,0.0,15.7,7.9,0.0,0.0,0.0,0.0,24.6,-0.1,0.0,-0.1,-0.543,-18.6,-10.0,-28.7,-0.1
170,152,Keyonte George,PG,20,UTA,36,899,10.8,.522,.566,.317,1.6,11.0,6.4,24.5,0.9,0.3,16.0,21.4,0.1,0.4,0.5,.028,-1.3,-2.0,-3.3,-0.3
171,153,Paul George,PF,33,LAC,38,1322,19.7,.611,.485,.214,2.0,15.7,9.1,16.4,2.3,0.9,9.7,27.2,2.5,1.7,4.2,.152,3.1,0.3,3.4,1.8
172,154,Taj Gibson,PF,38,NYK,10,97,6.7,.500,.286,.000,6.9,13.7,10.3,6.5,0.5,5.7,12.5,7.0,0.0,0.1,0.2,.083,-5.4,1.5,-3.9,0.0
173,155,Josh Giddey,SG,21,OKC,39,968,15.2,.526,.259,.133,6.5,20.2,13.7,25.2,1.4,1.7,16.4,23.4,0.1,1.4,1.5,.072,0.4,0.1,0.5,0.6
174,156,Harry Giles,C,25,BRK,11,62,20.3,.540,.200,.314,15.1,15.9,15.4,8.5,0.8,4.4,7.0,29.4,0.1,0.1,0.1,.087,0.6,-1.3,-0.8,0.0
175,157,Shai Gilgeous-Alexander,PG,25,OKC,39,1344,30.7,.649,.176,.424,2.8,14.9,9.2,29.9,3.1,2.2,7.5,32.5,6.1,2.3,8.4,.300,7.3,2.7,10.0,4.1
176,158,Anthony Gill,PF,31,WAS,24,147,12.2,.557,.244,.356,9.3,15.5,12.4,9.0,0.9,3.3,17.4,18.1,0.0,0.1,0.1,.017,-3.2,-2.1,-5.4,-0.1
177,159,Collin Gillespie,PG,24,DEN,14,97,8.1,.573,.542,.208,1.2,4.5,2.9,11.4,2.5,0.0,16.0,13.9,0.0,0.1,0.1,.054,-5.4,0.6,-4.8,-0.1
178,160,Jacob Gilyard,PG,25,MEM,23,381,11.2,.586,.821,.013,1.9,5.3,3.6,27.8,1.9,0.7,15.1,10.3,0.5,0.4,0.9,.115,-1.7,0.6,-1.2,0.1
180,161,Rudy Gobert,C,31,MIN,39,1274,18.5,.655,.003,.640,13.1,29.0,21.6,4.9,1.0,5.5,13.8,15.7,2.3,3.0,5.3,.199,-0.3,1.8,1.6,1.2
181,162,Jordan Goodwin,PG,25,PHO,34,538,11.7,.467,.436,.149,8.5,15.9,12.3,19.1,1.9,1.3,12.7,17.8,0.1,0.6,0.6,.055,-1.5,0.0,-1.5,0.1
182,163,Aaron Gordon,PF,28,DEN,36,1147,16.6,.598,.182,.345,9.8,13.4,11.6,13.4,1.3,1.4,10.6,17.9,2.1,1.2,3.2,.136,1.1,-0.4,0.6,0.8
183,164,Eric Gordon,SG,35,PHO,34,1039,11.6,.587,.622,.094,1.3,6.5,4.0,11.2,1.5,1.5,10.3,17.4,0.7,0.7,1.3,.062,-0.6,-1.2,-1.8,0.1
184,165,Devonte' Graham,PG,28,SAS,9,83,14.9,.542,.692,.308,2.5,11.9,7.1,30.8,1.7,1.1,9.2,16.4,0.1,0.1,0.2,.109,-0.1,0.0,-0.1,0.0
185,166,Jerami Grant,PF,29,POR,35,1179,15.3,.576,.341,.320,2.1,10.4,5.9,12.2,1.1,1.8,10.2,25.9,0.9,0.7,1.6,.064,0.8,-1.1,-0.3,0.5
186,167,A.J. Green,SG,24,MIL,26,204,11.8,.620,.857,.057,2.8,8.3,5.6,10.1,0.0,0.4,0.0,14.9,0.5,0.0,0.5,.120,0.8,-2.5,-1.7,0.0
187,168,Danny Green,SG,36,PHI,2,18,0.8,.000,.500,.000,0.0,12.1,6.1,6.3,2.7,0.0,0.0,4.7,0.0,0.0,0.0,-0.025,-7.3,0.9,-6.4,0.0
188,169,Draymond Green,PF,33,GSW,16,401,14.6,.623,.398,.296,5.9,18.6,12.2,30.7,0.8,2.5,24.2,16.9,0.6,0.3,0.9,.108,1.0,1.9,2.9,0.5
189,170,Jalen Green,SG,21,HOU,40,1211,12.6,.527,.444,.314,1.4,15.1,8.3,15.8,0.9,0.9,11.8,26.7,-0.6,1.4,0.8,.031,-0.9,-0.9,-1.8,0.1
190,171,Jeff Green,PF,37,HOU,39,638,12.4,.653,.296,.572,4.5,9.1,6.8,6.2,0.4,3.0,11.9,15.3,1.0,0.6,1.6,.121,-1.5,0.0,-1.5,0.1
191,172,Josh Green,SG,23,DAL,29,740,9.3,.561,.497,.183,2.3,10.5,6.3,12.6,1.5,0.6,12.5,12.4,0.4,0.5,0.9,.060,-2.7,-0.4,-3.1,-0.2
192,173,AJ Griffin,SF,20,ATL,15,125,2.5,.428,.750,.050,1.7,9.8,5.6,4.0,0.4,0.7,12.8,15.3,-0.2,0.0,-0.2,-0.079,-5.0,-3.0,-8.0,-0.2
193,174,Quentin Grimes,SG,23,NYK,38,751,9.4,.560,.770,.091,1.8,7.8,4.8,7.6,1.7,0.2,7.0,14.5,0.6,0.7,1.3,.084,-1.7,0.5,-1.2,0.2
194,175,Mouhamed Gueye,PF,21,ATL,2,4,-0.6,.000,1.000,.000,0.0,0.0,0.0,0.0,11.8,0.0,0.0,10.2,0.0,0.0,0.0,-0.109,-12.8,3.8,-9.0,0.0
195,176,Rui Hachimura,PF,25,LAL,28,648,13.7,.575,.331,.226,3.9,12.8,8.5,6.5,1.5,1.0,6.9,20.2,0.4,0.7,1.0,.077,-1.4,-0.7,-2.1,0.0
196,177,Tyrese Haliburton,PG,23,IND,33,1101,26.3,.633,.497,.231,2.2,12.3,7.3,51.4,1.6,1.6,12.1,26.4,4.9,0.5,5.4,.234,9.5,-0.6,8.9,3.0
197,178,R.J. Hampton,PG,22,MIA,8,76,0.9,.336,.571,.143,3.0,6.1,4.5,13.6,0.0,0.0,16.8,10.4,-0.1,0.0,-0.1,-0.042,-8.0,-1.4,-9.5,-0.1
198,179,Tim Hardaway Jr.,SF,31,DAL,39,1156,13.8,.566,.606,.199,1.3,12.3,6.7,8.4,0.7,0.1,5.7,24.3,1.0,0.6,1.6,.066,0.8,-2.8,-2.1,0.0
199,180,James Harden,PG,34,LAC,35,1190,19.3,.641,.584,.429,1.1,13.9,7.7,33.3,1.8,2.3,16.7,20.3,3.2,1.4,4.6,.184,4.1,0.7,4.8,2.0
201,181,Jaden Hardy,SG,21,DAL,37,586,9.7,.486,.513,.147,2.0,12.7,7.2,14.2,1.0,0.3,8.6,23.5,-0.4,0.4,-0.1,-0.005,-2.6,-2.6,-5.2,-0.5
202,182,Ron Harper Jr.,PF,23,TOR,1,4,-0.1,,,,0.0,0.0,0.0,27.8,0.0,0.0,,0.0,0.0,0.0,0.0,.102,-11.7,3.1,-8.6,0.0
203,183,Gary Harris,SG,29,ORL,27,616,9.9,.573,.701,.201,2.3,6.2,4.2,11.1,1.8,0.7,7.7,12.6,0.6,0.7,1.3,.105,-2.3,1.1,-1.2,0.1
204,184,Joe Harris,SG,32,DET,15,158,5.0,.502,.806,.056,2.1,7.3,4.6,8.0,0.9,1.0,9.8,10.9,0.0,0.0,0.0,-0.001,-4.4,-1.1,-5.5,-0.1
205,185,Tobias Harris,PF,31,PHI,38,1292,16.8,.612,.263,.255,3.3,16.3,9.8,13.3,1.3,1.4,9.6,20.2,2.2,1.6,3.8,.141,1.4,-0.2,1.3,1.1
206,186,Shaquille Harrison,SG,30,MEM,3,6,15.8,.500,.000,.000,0.0,37.6,18.2,0.0,0.0,15.4,0.0,14.2,0.0,0.0,0.0,.095,-0.8,5.3,4.6,0.0
207,187,Josh Hart,SF,28,NYK,41,1155,10.1,.528,.422,.127,5.0,20.2,12.6,12.7,1.3,0.6,14.5,12.1,0.6,1.4,2.0,.083,-2.1,1.2,-0.9,0.3
208,188,Isaiah Hartenstein,C,25,NYK,41,1038,16.6,.643,.017,.464,14.6,22.2,18.4,10.2,2.3,4.2,18.5,10.8,1.9,1.9,3.8,.176,-0.6,2.4,1.8,1.0
209,189,Sam Hauser,SF,26,BOS,40,874,12.0,.628,.854,.050,3.6,14.0,9.0,5.6,0.9,1.1,7.0,14.1,1.2,1.1,2.3,.128,0.7,0.2,0.8,0.7
210,190,Jordan Hawkins,SG,21,NOP,37,816,12.1,.573,.643,.206,3.0,11.0,7.1,8.8,0.8,0.4,7.6,20.2,0.8,0.7,1.5,.086,0.0,-1.8,-1.8,0.0
211,191,Jaxson Hayes,C,23,LAL,33,333,8.6,.653,.065,.452,5.5,13.7,9.8,4.8,1.0,3.2,19.5,12.0,0.1,0.4,0.5,.069,-6.1,0.7,-5.4,-0.3
212,192,Killian Hayes,PG,22,DET,36,895,10.4,.469,.258,.178,1.3,11.7,6.4,26.0,1.8,1.6,13.4,15.4,0.0,0.4,0.3,.019,-3.0,0.0,-3.0,-0.2
213,193,Gordon Hayward,SF,33,CHO,25,798,14.1,.544,.205,.273,3.3,13.6,8.2,21.7,1.7,1.4,13.3,20.7,0.3,0.3,0.6,.035,-1.4,-0.9,-2.3,-0.1
214,194,Scoot Henderson,PG,19,POR,31,871,6.9,.452,.327,.247,3.6,9.3,6.2,27.2,1.1,0.7,19.3,25.8,-2.0,0.4,-1.6,-0.089,-5.5,-2.5,-8.0,-1.3
215,195,Taylor Hendricks,PF,20,UTA,13,181,10.5,.520,.603,.138,6.8,10.7,8.8,4.4,2.4,3.5,12.8,16.2,0.0,0.2,0.1,.039,-2.5,-0.9,-3.4,-0.1
216,196,Tyler Herro,SG,24,MIA,22,749,16.2,.548,.421,.155,2.1,17.2,9.6,21.8,1.7,0.3,10.9,29.7,-0.1,0.9,0.8,.052,1.4,-0.4,0.9,0.6
217,197,Buddy Hield,SF,31,IND,40,1021,12.8,.583,.689,.066,3.1,11.2,7.1,11.9,1.4,1.9,11.2,19.9,0.6,0.4,1.0,.048,1.0,-1.5,-0.5,0.4
218,198,Haywood Highsmith,PF,27,MIA,27,581,10.1,.551,.593,.143,4.7,11.5,8.1,8.3,2.3,2.5,11.8,12.8,0.2,0.8,1.0,.082,-2.4,1.3,-1.1,0.1
219,199,Nate Hinton,SG,24,HOU,5,26,11.3,.667,.556,.000,8.5,12.4,10.4,5.6,0.0,0.0,10.0,16.6,0.0,0.0,0.1,.120,-0.2,-1.8,-2.0,0.0
220,200,D'Moi Hodge,SG,25,LAL,7,41,6.1,.441,.800,.133,0.0,0.0,0.0,16.1,1.2,2.2,5.9,17.8,0.0,0.0,0.0,-0.015,-3.9,-2.5,-6.5,0.0
222,201,Aaron Holiday,PG,27,HOU,38,635,10.2,.565,.550,.129,1.7,10.2,6.0,13.4,1.4,0.4,11.2,16.4,0.3,0.7,1.0,.073,-2.3,0.4,-1.9,0.0
223,202,Jrue Holiday,PG,33,BOS,38,1283,14.0,.568,.432,.134,5.0,14.4,9.9,18.6,1.2,2.0,14.1,17.3,1.4,1.8,3.2,.121,0.5,1.0,1.5,1.2
224,203,Justin Holiday,SG,34,DEN,24,323,10.0,.649,.701,.000,1.4,8.5,5.0,9.4,2.1,0.3,8.2,9.8,0.4,0.3,0.7,.108,-2.2,0.9,-1.3,0.1
225,204,Richaun Holmes,C,30,DAL,17,172,12.3,.510,.000,.391,16.1,22.5,19.3,6.9,0.6,3.1,15.6,15.8,0.1,0.2,0.3,.071,-3.6,-1.3,-4.9,-0.1
226,205,Chet Holmgren,C,21,OKC,40,1199,20.9,.647,.350,.279,5.9,20.4,13.6,13.0,1.0,7.7,11.3,21.9,2.5,2.1,4.5,.181,2.5,1.8,4.3,1.9
227,206,Jalen Hood-Schifino,SG,20,LAL,9,75,-2.7,.282,.290,.323,3.1,8.5,5.9,8.5,1.3,1.2,12.4,23.2,-0.4,0.1,-0.4,-0.229,-12.9,-3.7,-16.5,-0.3
228,207,Al Horford,C,37,BOS,34,920,14.0,.633,.642,.069,5.6,20.5,13.4,13.5,0.8,3.4,11.8,11.1,1.6,1.5,3.1,.164,1.3,2.5,3.8,1.3
229,208,Talen Horton-Tucker,PG,23,UTA,30,659,13.2,.508,.371,.204,2.0,10.5,6.3,27.9,2.3,1.5,13.5,23.8,0.1,0.6,0.7,.048,-1.1,0.2,-0.9,0.2
230,209,Danuel House Jr.,SF,30,PHI,24,304,7.4,.562,.515,.333,3.7,9.3,6.5,7.9,1.1,0.3,15.6,12.5,0.1,0.3,0.3,.054,-3.3,-0.8,-4.1,-0.2
231,210,Caleb Houstan,SF,21,ORL,32,513,8.6,.567,.937,.155,4.1,8.5,6.3,5.8,0.9,0.2,6.8,13.5,0.4,0.5,0.9,.088,-1.6,-0.4,-2.0,0.0
232,211,Jett Howard,SF,20,ORL,9,36,4.1,.415,.750,.125,3.1,9.6,6.3,11.9,0.0,0.0,10.6,22.4,-0.1,0.0,-0.1,-0.071,-3.6,-2.9,-6.5,0.0
233,212,Kevin Huerter,SG,25,SAC,38,890,12.5,.548,.604,.094,2.3,15.8,8.9,14.5,1.3,1.2,5.7,17.4,0.9,0.8,1.7,.090,-0.6,-0.2,-0.8,0.3
234,213,Jay Huff,C,25,DEN,5,12,1.1,.500,.500,.000,0.0,9.1,4.7,11.0,0.0,0.0,20.0,18.0,0.0,0.0,0.0,-0.070,-10.9,-2.4,-13.3,0.0
235,214,De'Andre Hunter,SF,26,ATL,24,727,12.0,.601,.430,.283,2.2,12.8,7.3,6.2,1.3,1.1,11.0,18.8,0.7,0.3,0.9,.061,-1.5,-1.2,-2.7,-0.1
236,215,Bones Hyland,PG,23,LAC,16,234,8.6,.508,.514,.112,1.0,6.2,3.7,16.8,1.7,0.4,15.1,24.6,-0.3,0.2,-0.1,-0.019,-3.6,-1.9,-5.5,-0.2
237,216,Joe Ingles,SF,36,ORL,27,498,11.8,.565,.635,.174,2.5,13.9,8.1,25.5,2.1,0.5,17.4,12.8,0.5,0.7,1.2,.120,-1.5,2.1,0.6,0.3
238,217,Brandon Ingram,SF,26,NOP,38,1259,18.3,.580,.240,.310,2.0,13.8,8.0,25.9,1.3,1.3,11.6,27.3,1.8,1.4,3.2,.122,1.7,-0.5,1.2,1.0
239,218,Kyrie Irving,SG,31,DAL,26,864,22.6,.587,.359,.220,2.6,14.1,8.2,26.5,1.9,1.2,7.1,29.6,2.1,0.8,2.9,.161,5.5,-0.2,5.3,1.6
240,219,Jonathan Isaac,PF,26,ORL,24,326,18.7,.563,.434,.354,9.2,25.1,17.0,4.5,3.0,7.5,8.4,18.7,0.3,0.8,1.1,.169,0.1,3.3,3.3,0.4
241,220,Jaden Ivey,SG,21,DET,37,973,14.2,.562,.370,.372,5.5,10.6,8.0,20.1,1.4,1.9,15.2,23.9,0.4,0.3,0.7,.035,-0.6,-1.5,-2.1,0.0
243,221,Andre Jackson Jr.,SG,22,MIL,35,396,9.0,.633,.472,.097,9.5,11.5,10.5,10.6,1.1,0.6,20.2,10.1,0.5,0.2,0.7,.089,-2.8,-0.4,-3.2,-0.1
244,222,Gregory Jackson II,PF,19,MEM,8,86,19.9,.613,.475,.275,8.6,17.1,12.7,5.9,1.7,5.4,10.0,24.7,0.1,0.1,0.2,.127,1.9,0.4,2.3,0.1
245,223,Isaiah Jackson,C,22,IND,32,449,21.4,.697,.015,.453,12.5,22.5,17.5,8.4,2.3,7.1,12.7,17.4,1.2,0.6,1.8,.195,-0.2,2.1,1.9,0.4
246,224,Jaren Jackson Jr.,C,24,MEM,38,1201,17.4,.568,.337,.384,4.3,15.9,9.9,9.5,1.4,5.0,9.3,27.8,0.7,1.8,2.5,.099,-0.2,0.7,0.5,0.8
247,225,Reggie Jackson,PG,33,DEN,42,975,14.0,.559,.374,.134,1.8,8.1,5.0,25.2,1.4,0.6,12.5,22.4,0.8,0.8,1.6,.079,-0.2,-1.2,-1.4,0.1
248,226,Trayce Jackson-Davis,PF,23,GSW,30,433,20.6,.690,.000,.430,12.7,19.7,16.2,10.7,1.2,5.2,13.1,17.0,1.1,0.5,1.6,.176,0.8,0.6,1.5,0.4
249,227,LeBron James,PF,39,LAL,38,1307,22.9,.613,.307,.309,2.8,19.6,11.5,36.0,1.9,1.6,14.2,29.5,2.1,1.8,3.9,.144,5.3,1.4,6.6,2.8
250,228,Jaime Jaquez Jr.,SF,22,MIA,39,1179,13.8,.600,.281,.237,4.7,10.1,7.4,13.8,1.8,0.8,12.8,19.6,1.0,1.3,2.3,.096,-1.5,-0.1,-1.6,0.1
251,229,DaQuan Jeffries,SG,26,NYK,10,30,5.0,.427,.417,.167,0.0,18.4,9.2,9.6,0.0,0.0,7.2,19.6,-0.1,0.0,0.0,-0.046,-5.2,-1.6,-6.8,0.0
252,230,Ty Jerome,SG,26,CLE,2,15,7.6,.500,.250,.000,7.5,0.0,3.7,26.9,0.0,0.0,20.0,14.3,0.0,0.0,0.0,.047,-4.5,-0.7,-5.2,0.0
253,231,Isaiah Joe,SG,24,OKC,40,776,13.8,.629,.749,.124,2.1,11.3,7.0,7.3,1.7,1.4,7.9,17.6,0.9,0.9,1.8,.113,1.6,-0.3,1.3,0.7
254,232,Cameron Johnson,PF,27,BRK,32,920,14.5,.579,.546,.144,4.1,13.4,8.6,12.5,1.3,0.6,7.1,19.5,1.2,0.6,1.8,.095,1.0,-0.8,0.2,0.5
255,233,Jalen Johnson,SF,22,ATL,26,833,16.5,.649,.275,.238,3.8,25.1,14.1,13.6,1.9,2.2,16.3,17.4,1.0,0.8,1.8,.105,0.4,1.1,1.5,0.7
256,234,James Johnson,PF,36,IND,5,24,11.5,.400,.200,.000,4.8,14.4,9.6,23.3,7.8,0.0,28.6,12.1,0.0,0.0,0.0,.051,-5.0,4.5,-0.5,0.0
257,235,Keldon Johnson,SF,24,SAS,38,1192,14.2,.557,.404,.279,4.2,16.1,10.0,16.9,1.3,0.7,10.1,22.6,0.6,0.8,1.4,.056,-0.5,-1.3,-1.7,0.1
258,236,Keon Johnson,SG,21,BRK,1,21,16.1,.615,.500,.500,0.0,5.2,2.5,6.6,2.3,4.3,9.3,21.8,0.0,0.0,0.1,.125,0.2,-0.9,-0.7,0.0
259,237,Keyontae Johnson,SF,23,OKC,2,23,0.0,.333,.167,.000,5.2,9.2,7.3,10.3,0.0,0.0,25.0,15.1,-0.1,0.0,-0.1,-0.127,-9.3,-2.7,-12.0,-0.1
260,238,Nikola Jokić,C,28,DEN,41,1369,31.3,.651,.170,.329,10.3,29.3,20.0,43.6,1.7,2.4,13.0,29.2,6.3,2.3,8.6,.301,9.4,4.3,13.7,5.5
261,239,Colby Jones,SG,21,SAC,15,110,6.9,.404,.310,.071,8.9,12.5,10.7,10.9,1.7,0.8,10.3,18.6,-0.2,0.1,-0.1,-0.024,-6.2,-0.9,-7.2,-0.1
262,240,Damian Jones,C,28,CLE,16,91,7.5,.539,.200,.150,4.9,15.6,10.3,5.7,1.1,3.0,19.0,12.4,0.0,0.1,0.1,.047,-6.4,0.8,-5.7,-0.1
264,241,Derrick Jones Jr.,SF,26,DAL,40,1041,13.2,.610,.521,.240,5.2,10.6,7.9,5.0,1.6,3.0,9.4,15.6,1.1,0.9,2.1,.097,-0.3,-0.5,-0.8,0.3
265,242,Herbert Jones,SF,25,NOP,39,1128,13.3,.610,.426,.290,4.4,9.5,7.0,11.4,2.1,3.3,12.1,14.8,1.5,1.5,2.9,.124,-0.6,1.1,0.5,0.7
266,243,Tre Jones,PG,24,SAS,36,889,13.5,.569,.301,.195,2.7,10.6,6.6,30.0,1.5,0.5,15.5,16.1,0.9,0.5,1.4,.076,-1.4,-0.7,-2.1,0.0
267,244,Tyus Jones,PG,27,WAS,39,1091,17.4,.607,.376,.065,1.3,10.0,5.6,28.0,1.9,1.0,7.4,17.2,2.2,0.3,2.5,.111,1.7,-0.6,1.1,0.9
268,245,DeAndre Jordan,C,35,DEN,19,244,16.0,.611,.000,.750,15.0,28.8,22.0,9.5,1.0,3.5,18.6,16.2,0.3,0.4,0.7,.130,-1.9,0.3,-1.6,0.0
269,246,Cory Joseph,PG,32,GSW,21,225,3.7,.352,.646,.146,1.9,7.3,4.6,19.7,0.9,1.2,17.7,11.6,-0.2,0.1,-0.1,-0.030,-5.9,-0.9,-6.8,-0.3
270,247,Nikola Jović,PF,20,MIA,15,280,12.1,.555,.519,.241,5.3,24.7,14.9,18.2,1.1,2.4,15.5,16.3,0.1,0.4,0.5,.092,-1.5,2.1,0.5,0.2
271,248,Johnny Juzang,SG,22,UTA,1,4,-11.2,.000,1.000,.000,0.0,0.0,0.0,28.7,0.0,0.0,0.0,20.8,0.0,0.0,0.0,-0.378,-13.9,-8.5,-22.4,0.0
272,249,Luke Kennard,SG,27,MEM,17,391,12.8,.595,.766,.129,2.2,13.6,7.7,16.9,1.0,0.2,7.1,15.4,0.6,0.4,1.0,.117,0.2,0.2,0.4,0.2
273,250,Walker Kessler,C,22,UTA,34,807,18.1,.649,.078,.229,12.1,22.6,17.4,4.4,1.1,9.9,13.1,13.4,1.1,1.3,2.4,.142,-0.5,1.9,1.3,0.7
274,251,Braxton Key,SF,26,DEN,13,44,13.7,.463,.286,.357,5.2,20.0,12.7,22.4,2.2,0.0,5.8,16.9,0.0,0.1,0.1,.118,-1.3,0.8,-0.5,0.0
275,252,Corey Kispert,SF,24,WAS,38,832,12.6,.625,.629,.212,1.8,8.8,5.2,9.7,0.6,0.7,9.8,19.7,0.7,-0.1,0.7,.038,-0.2,-2.8,-3.0,-0.2
276,253,Maxi Kleber,C,32,DAL,8,142,7.1,.479,.640,.480,4.5,17.9,11.1,12.7,0.7,3.1,18.8,11.1,0.0,0.1,0.1,.039,-4.0,0.7,-3.3,0.0
277,254,Kevin Knox,SF,24,DET,23,446,11.7,.605,.526,.125,3.7,10.6,7.0,6.0,1.1,1.3,9.1,16.6,0.4,0.1,0.5,.051,-1.2,-2.0,-3.2,-0.1
278,255,John Konchar,SF,27,MEM,31,501,10.6,.466,.653,.116,6.6,19.4,12.8,11.0,2.1,4.1,11.5,9.6,0.1,0.8,0.9,.090,-2.8,2.4,-0.5,0.2
279,256,Furkan Korkmaz,SG,26,PHI,24,154,7.5,.485,.500,.238,0.7,6.4,3.6,8.4,3.5,0.0,13.1,14.7,-0.1,0.2,0.1,.025,-4.8,1.7,-3.1,0.0
280,257,Luke Kornet,C,28,BOS,28,413,18.6,.717,.000,.282,13.5,12.8,13.2,8.1,1.4,6.1,11.2,11.2,1.2,0.7,2.0,.228,1.1,2.5,3.6,0.6
281,258,Jonathan Kuminga,PF,21,GSW,39,902,15.4,.590,.262,.378,5.4,14.8,10.1,10.0,1.2,1.3,11.1,23.5,0.9,0.6,1.5,.081,-0.5,-1.1,-1.6,0.1
282,259,Kyle Kuzma,PF,28,WAS,39,1212,16.4,.546,.360,.178,3.6,18.2,10.8,21.5,0.6,1.5,11.4,31.4,-0.4,0.3,-0.1,-0.005,0.7,-2.6,-1.9,0.0
283,260,Jock Landale,C,28,HOU,23,204,8.8,.415,.333,.196,12.4,10.0,11.2,7.1,1.4,4.2,12.6,13.4,-0.1,0.3,0.2,.043,-4.5,0.0,-4.5,-0.1
285,261,Jake LaRavia,PF,22,MEM,11,122,4.9,.447,.558,.093,6.1,8.3,7.2,7.2,0.4,0.8,8.2,17.0,-0.1,0.1,0.0,-0.015,-6.9,-1.7,-8.5,-0.2
286,262,Zach LaVine,SG,28,CHI,24,848,15.6,.579,.450,.276,1.0,15.9,8.3,17.4,1.2,1.0,10.8,24.0,0.8,0.8,1.5,.087,0.8,-0.5,0.3,0.5
287,263,A.J. Lawson,SG,23,DAL,19,189,12.8,.579,.500,.227,5.1,9.4,7.2,7.3,2.3,0.9,11.0,18.3,0.1,0.2,0.3,.072,-2.1,-1.0,-3.1,-0.1
288,264,Saben Lee,PG,24,PHO,10,69,16.6,.548,.211,.895,8.7,8.0,8.4,21.6,2.1,3.9,13.1,19.1,0.1,0.1,0.2,.132,0.2,0.6,0.8,0.0
289,265,Alex Len,C,30,SAC,16,144,17.1,.617,.071,.357,17.4,26.3,21.8,17.1,1.0,5.0,21.7,12.2,0.3,0.2,0.5,.159,-0.8,1.9,1.0,0.1
290,266,Kawhi Leonard,SF,32,LAC,36,1243,23.2,.629,.307,.251,3.5,16.2,10.0,16.4,2.4,2.2,7.7,25.9,3.4,1.7,5.1,.198,4.8,1.1,5.9,2.5
291,267,Caris LeVert,SG,29,CLE,31,894,14.8,.530,.418,.249,1.9,11.6,6.8,21.1,1.7,1.2,9.3,24.8,0.5,1.2,1.7,.092,-0.3,0.3,-0.1,0.4
292,268,Kira Lewis Jr.,PG,22,NOP,15,144,5.7,.387,.385,.212,3.1,7.6,5.4,16.1,1.7,0.7,12.3,19.4,-0.3,0.1,-0.1,-0.043,-6.3,-1.0,-7.3,-0.2
293,269,Maxwell Lewis,SF,21,LAL,12,53,-3.9,.167,.333,.000,2.2,4.0,3.1,6.6,1.8,0.0,35.7,11.4,-0.2,0.0,-0.2,-0.180,-10.2,-2.3,-12.5,-0.1
294,270,E.J. Liddell,PF,23,NOP,6,17,0.7,.340,.800,.400,0.0,19.4,9.8,7.1,0.0,11.6,25.4,19.9,-0.1,0.0,-0.1,-0.154,-10.4,1.4,-9.0,0.0
295,271,Damian Lillard,PG,33,MIL,38,1336,20.5,.602,.492,.451,1.8,11.2,6.7,26.9,1.4,0.4,10.6,28.0,3.6,0.8,4.4,.159,3.7,-1.5,2.2,1.4
296,272,Nassir Little,SF,23,PHO,24,364,11.2,.610,.543,.217,4.6,14.0,9.5,6.0,1.3,2.0,10.6,13.4,0.4,0.3,0.7,.090,-1.7,-0.6,-2.3,0.0
297,273,Dereck Lively II,C,19,DAL,31,786,17.1,.726,.012,.259,12.2,21.6,16.8,7.0,1.2,4.7,16.3,12.2,1.7,1.0,2.7,.166,-0.8,0.3,-0.5,0.3
298,274,Isaiah Livers,PF,25,DET,23,469,5.1,.460,.664,.155,3.5,8.1,5.7,6.8,1.3,0.9,11.4,12.5,-0.3,0.1,-0.2,-0.024,-5.0,-1.6,-6.6,-0.5
299,275,Chris Livingston,SF,20,MIL,12,58,10.6,.660,.083,.167,3.9,18.2,11.3,8.6,1.6,0.0,18.9,11.6,0.0,0.0,0.1,.081,-3.1,-0.7,-3.8,0.0
300,276,Kenneth Lofton Jr.,PF,21,TOT,16,103,6.6,.428,.256,.385,2.1,16.4,9.0,20.3,1.4,2.7,14.9,22.2,-0.2,0.1,-0.1,-0.048,-6.6,0.4,-6.2,-0.1
301,276,Kenneth Lofton Jr.,PF,21,MEM,15,99,8.4,.447,.270,.405,2.1,14.8,8.3,21.2,1.5,2.8,12.1,21.4,-0.1,0.1,0.0,-0.006,-5.3,0.9,-4.5,-0.1
302,276,Kenneth Lofton Jr.,PF,21,PHI,1,4,-37.0,.000,.000,.000,0.0,54.4,27.5,0.0,0.0,0.0,50.0,42.5,-0.1,0.0,-0.1,-1.099,-39.2,-11.4,-50.6,0.0
303,277,Kevon Looney,C,27,GSW,40,818,15.9,.643,.000,.355,13.8,24.0,18.9,15.5,1.2,1.3,14.2,10.5,2.0,0.8,2.8,.166,0.1,1.0,1.2,0.6
304,278,Brook Lopez,C,35,MIL,41,1284,14.8,.594,.502,.176,5.1,12.7,9.1,6.4,0.9,7.4,7.6,15.7,1.5,1.4,3.0,.111,-0.1,1.1,1.0,1.0
305,279,Robin Lopez,C,35,MIL,11,32,9.9,.635,.714,.286,3.6,6.6,5.1,11.3,0.0,2.5,11.3,11.7,0.1,0.0,0.1,.095,-1.4,-1.6,-2.9,0.0
306,280,Kevin Love,PF,35,MIA,31,592,19.7,.621,.680,.374,6.7,33.7,20.1,20.5,1.0,0.8,8.3,20.7,1.5,0.9,2.4,.198,4.0,1.0,5.0,1.1
308,281,Kyle Lowry,PG,37,MIA,35,987,11.2,.604,.664,.183,2.6,11.8,7.2,19.6,1.8,1.4,17.4,13.4,0.8,1.2,2.0,.099,-1.7,1.1,-0.7,0.3
309,282,Seth Lundy,SF,23,ATL,7,46,-1.2,.349,.786,.286,2.3,9.7,5.9,0.0,0.0,0.0,6.0,14.9,-0.1,0.0,-0.1,-0.106,-9.0,-5.4,-14.3,-0.1
310,283,Trey Lyles,PF,28,SAC,26,533,11.3,.607,.743,.229,4.9,22.2,13.3,8.2,0.3,1.4,9.4,13.5,0.6,0.4,1.0,.093,-0.5,-0.8,-1.3,0.1
311,284,Théo Maledon,PG,22,CHO,13,200,3.9,.379,.455,.182,2.1,11.2,6.4,18.7,1.7,0.0,17.4,18.6,-0.5,0.0,-0.5,-0.112,-8.0,-2.1,-10.1,-0.4
312,285,Sandro Mamukelashvili,C,24,SAS,24,171,14.4,.508,.554,.286,9.8,21.1,15.4,19.9,1.1,4.1,11.3,17.4,0.1,0.2,0.3,.084,-1.2,0.4,-0.9,0.0
313,286,Terance Mann,SG,27,LAC,34,853,9.4,.525,.488,.163,5.6,9.0,7.4,9.3,1.2,1.2,8.7,12.9,0.6,0.7,1.3,.072,-2.1,-0.5,-2.6,-0.1
314,287,Tre Mann,PG,22,OKC,13,119,14.2,.606,.475,.025,4.0,17.7,11.3,22.0,1.2,0.0,18.2,18.0,0.1,0.1,0.2,.099,0.5,-0.3,0.2,0.1
315,288,Boban Marjanović,C,35,HOU,6,37,12.4,.371,.111,.111,14.9,29.0,22.0,16.5,0.0,2.6,0.0,22.1,0.0,0.1,0.0,.032,-3.2,-2.0,-5.2,0.0
316,289,Lauri Markkanen,PF,26,UTA,32,1036,23.9,.648,.499,.342,8.4,21.3,14.9,9.0,1.3,1.8,5.6,25.2,3.6,1.0,4.7,.216,6.4,-0.8,5.6,2.0
317,290,Naji Marshall,SF,26,NOP,33,617,14.1,.583,.399,.308,6.5,15.5,11.0,14.3,1.7,1.0,13.5,18.1,0.7,0.8,1.5,.114,-0.6,-0.2,-0.8,0.2
318,291,Caleb Martin,SF,28,MIA,24,638,11.4,.534,.343,.208,4.8,15.7,10.2,12.7,1.5,0.9,11.3,18.4,0.1,0.8,0.8,.063,-2.3,-0.2,-2.5,-0.1
319,292,Cody Martin,SF,28,CHO,9,232,9.5,.444,.449,.174,5.0,7.6,6.2,12.3,2.9,2.3,10.8,15.5,-0.2,0.1,0.0,-0.008,-4.2,0.6,-3.5,-0.1
320,293,KJ Martin,SF,23,TOT,26,176,7.6,.485,.186,.233,3.8,8.7,6.3,8.9,2.8,0.5,11.2,13.0,0.0,0.2,0.2,.049,-6.0,1.0,-5.0,-0.1
321,293,KJ Martin,SF,23,LAC,2,31,6.9,.460,.500,.200,3.8,7.1,5.5,4.2,3.2,3.0,15.5,18.1,-0.1,0.0,0.0,-0.027,-6.9,0.5,-6.3,0.0
322,293,KJ Martin,SF,23,PHI,24,145,7.7,.493,.091,.242,3.8,9.0,6.5,9.8,2.7,0.0,9.9,11.9,0.0,0.2,0.2,.065,-5.9,1.1,-4.7,-0.1
323,294,Garrison Mathews,SG,27,ATL,26,312,7.0,.677,.951,.066,2.4,8.6,5.4,4.0,1.2,0.8,14.9,9.7,0.2,0.1,0.3,.041,-2.8,-0.9,-3.6,-0.1
324,295,Bennedict Mathurin,SF,21,IND,40,1020,13.8,.582,.317,.335,4.9,12.0,8.4,9.9,1.1,0.5,11.0,22.8,1.0,0.2,1.2,.056,-0.5,-2.5,-3.0,-0.3
325,296,Wesley Matthews,SG,37,ATL,19,213,4.8,.422,.769,.487,2.0,11.5,6.6,6.6,2.0,1.6,11.2,10.2,-0.1,0.1,0.0,.000,-5.8,0.2,-5.7,-0.2
326,297,Tyrese Maxey,PG,23,PHI,38,1427,20.4,.583,.418,.295,1.6,9.1,5.4,27.6,1.3,1.3,6.7,27.1,3.8,1.4,5.2,.176,4.6,-0.8,3.8,2.1
327,298,Skylar Mays,PG-SG,26,TOT,24,382,12.6,.473,.345,.115,2.8,9.2,5.7,31.5,2.0,0.7,10.4,19.2,0.1,0.3,0.4,.046,-1.6,-0.4,-2.0,0.0
328,298,Skylar Mays,PG,26,POR,21,356,11.9,.457,.355,.123,2.6,9.5,5.8,32.1,1.9,0.8,11.0,19.4,0.0,0.2,0.2,.031,-2.0,-0.6,-2.6,-0.1
329,298,Skylar Mays,SG,26,LAL,3,26,22.0,.700,.200,.000,4.4,4.1,4.2,23.7,3.7,0.0,0.0,16.6,0.1,0.0,0.1,.249,2.9,2.6,5.5,0.0
330,299,Miles McBride,PG,23,NYK,28,261,13.7,.603,.622,.071,1.7,6.8,4.2,14.4,2.1,0.7,7.3,17.7,0.5,0.3,0.7,.135,0.2,1.1,1.3,0.2
331,300,CJ McCollum,PG,32,NOP,28,898,19.8,.608,.526,.174,2.2,12.6,7.5,23.9,1.9,2.4,8.5,23.7,2.0,1.1,3.2,.169,4.4,0.7,5.1,1.6
333,301,T.J. McConnell,PG,31,IND,32,525,20.0,.558,.077,.188,3.9,15.6,9.7,42.8,3.0,0.6,16.1,21.1,1.1,0.4,1.5,.137,2.1,0.4,2.5,0.6
334,302,Jaden McDaniels,SF,23,MIN,30,842,10.1,.604,.371,.104,2.6,7.1,5.0,6.7,1.5,1.8,11.7,16.0,0.3,1.2,1.6,.089,-2.8,1.0,-1.9,0.0
335,303,Jalen McDaniels,SF,26,TOR,26,240,6.4,.426,.494,.235,3.2,12.2,7.6,7.5,2.0,1.1,7.9,18.1,-0.3,0.2,-0.1,-0.022,-6.4,-0.5,-6.9,-0.3
336,304,Doug McDermott,SF,32,SAS,35,547,10.1,.643,.804,.092,0.8,6.4,3.5,11.0,0.8,0.3,9.1,14.3,0.5,0.1,0.6,.055,-0.8,-1.7,-2.5,-0.1
337,305,JaVale McGee,C,36,SAC,32,259,18.7,.644,.021,.400,13.5,28.0,20.5,8.1,1.3,6.3,21.7,23.4,0.1,0.4,0.5,.092,-2.2,0.6,-1.7,0.0
338,306,Bryce McGowens,SG,21,CHO,32,562,7.5,.566,.493,.276,2.3,9.9,5.8,7.5,0.8,0.5,11.7,13.1,0.1,0.0,0.1,.010,-4.3,-1.8,-6.1,-0.6
339,307,Jordan McLaughlin,PG,27,MIN,19,159,14.9,.493,.585,.146,3.1,8.0,5.7,27.6,4.0,2.2,8.4,13.1,0.2,0.3,0.5,.166,0.6,4.8,5.4,0.3
340,308,De'Anthony Melton,SG,25,PHI,33,959,13.1,.540,.588,.229,3.1,11.9,7.6,14.7,2.7,1.4,9.5,17.7,0.7,1.4,2.1,.107,-0.7,1.2,0.6,0.6
341,309,Nathan Mensah,C,25,CHO,14,193,5.3,.514,.000,.571,9.8,17.1,13.3,2.6,1.0,3.7,27.6,8.1,-0.1,0.1,0.0,.010,-9.2,-0.5,-9.8,-0.4
342,310,Sam Merrill,SG,27,CLE,24,360,15.0,.603,.846,.054,3.7,11.5,7.7,14.2,1.1,0.2,4.4,19.1,0.8,0.4,1.2,.156,2.2,-0.4,1.8,0.3
343,311,Chimezie Metu,C,26,PHO,30,394,15.0,.638,.417,.325,6.4,20.3,13.6,5.5,2.1,1.8,14.4,17.6,0.4,0.5,0.9,.112,-0.9,-0.1,-1.0,0.1
344,312,Vasilije Micić,PG,30,OKC,20,248,10.0,.500,.530,.136,0.5,6.4,3.6,27.4,1.5,1.1,15.7,14.5,0.1,0.2,0.4,.069,-2.8,-0.6,-3.4,-0.1
345,313,Khris Middleton,SF,32,MIL,35,887,16.6,.583,.388,.173,2.7,15.1,9.1,28.2,1.5,0.8,15.0,24.1,1.0,0.7,1.7,.094,0.8,-0.6,0.3,0.5
346,314,Brandon Miller,SF,21,CHO,32,967,10.0,.521,.423,.149,2.8,11.3,6.8,10.8,1.1,1.4,10.8,21.4,-0.5,0.1,-0.4,-0.018,-2.9,-2.2,-5.1,-0.8
347,315,Jordan Miller,SF,24,LAC,4,16,12.2,.700,.200,.000,14.7,6.9,10.7,0.0,0.0,0.0,16.7,16.3,0.0,0.0,0.0,.083,-1.0,-4.5,-5.5,0.0
348,316,Leonard Miller,SF,20,MIN,5,19,25.9,.722,.333,.000,0.0,50.5,26.9,9.8,2.6,4.6,10.0,23.1,0.0,0.1,0.1,.231,1.7,6.5,8.2,0.0
349,317,Dariq Whitehead,SF,19,BRK,2,24,4.9,.255,.600,.400,0.0,18.2,8.9,15.2,0.0,3.8,0.0,10.4,0.0,0.0,0.0,-0.031,-5.6,-2.3,-7.9,0.0
350,318,Patty Mills,PG,35,ATL,9,88,4.0,.500,.647,.000,2.4,7.6,4.9,6.8,1.1,1.0,15.0,9.3,0.0,0.0,0.0,-0.002,-5.7,-0.6,-6.3,-0.1
351,319,Shake Milton,SG,27,MIN,33,431,8.3,.508,.353,.317,1.4,9.6,5.8,13.5,1.6,0.8,14.1,18.7,-0.3,0.6,0.4,.043,-4.8,0.8,-4.1,-0.2
352,320,Justin Minaya,SF,24,POR,10,91,7.3,.458,.588,.353,5.7,6.7,6.2,5.9,1.6,4.0,9.2,10.0,0.0,0.1,0.1,.031,-3.9,0.0,-3.9,0.0
354,321,Josh Minott,SF,21,MIN,15,46,15.8,.558,.278,.667,2.6,4.6,3.7,9.6,1.1,5.7,4.1,23.1,0.1,0.1,0.2,.157,-1.9,1.2,-0.8,0.0
355,322,Davion Mitchell,PG,25,SAC,31,374,6.1,.451,.509,.134,1.2,7.4,4.2,18.4,0.8,0.5,11.9,15.3,-0.2,0.2,0.0,.001,-5.1,-1.2,-6.3,-0.4
356,323,Donovan Mitchell,SG,27,CLE,30,1067,23.3,.593,.428,.295,3.5,13.3,8.4,27.1,2.7,1.1,10.3,32.1,2.3,1.8,4.1,.183,5.4,1.6,7.0,2.4
357,324,Evan Mobley,PF,22,CLE,21,705,18.1,.607,.040,.262,8.9,25.4,17.3,12.8,1.2,4.4,14.8,19.8,0.8,1.3,2.1,.145,-0.5,1.9,1.4,0.6
358,325,Isaiah Mobley,PF,24,CLE,3,14,16.0,.625,.500,.000,0.0,15.6,7.9,38.9,3.5,0.0,20.0,15.4,0.0,0.0,0.1,.185,0.6,4.5,5.1,0.0
359,326,Malik Monk,SG,25,SAC,39,1016,16.4,.582,.547,.231,1.5,10.1,5.7,30.2,1.1,2.3,14.0,24.8,1.3,0.8,2.1,.101,2.7,-0.8,1.9,1.0
360,327,Moses Moody,SG,21,GSW,34,611,14.8,.601,.477,.257,6.7,12.0,9.3,6.6,1.8,1.5,8.9,18.6,0.9,0.5,1.3,.104,0.6,-0.2,0.5,0.4
361,328,Xavier Moon,SG,29,LAC,2,12,7.0,.500,.500,.000,0.0,18.5,9.5,30.9,0.0,0.0,33.3,10.9,0.0,0.0,0.0,.027,-3.5,1.0,-2.4,0.0
362,329,Wendell Moore Jr.,SG,22,MIN,9,30,8.3,.600,.400,.000,0.0,10.7,5.7,4.4,4.9,2.9,28.6,10.2,0.0,0.1,0.0,.064,-6.2,5.4,-0.8,0.0
363,330,Ja Morant,PG,24,MEM,9,318,20.5,.570,.300,.376,2.0,15.6,8.6,41.1,1.1,1.5,12.0,30.2,0.5,0.4,0.8,.127,2.6,0.4,3.1,0.4
364,331,Marcus Morris,PF,34,PHI,31,499,11.6,.590,.471,.209,3.1,15.7,9.5,6.2,1.1,1.7,6.2,15.2,0.6,0.6,1.2,.115,-1.2,-0.4,-1.6,0.0
365,332,Markieff Morris,PF,34,DAL,16,150,5.4,.431,.596,.085,2.8,17.7,10.1,9.3,1.6,0.6,15.6,16.3,-0.3,0.1,-0.1,-0.038,-4.9,-1.4,-6.3,-0.2
366,333,Trey Murphy III,SF,23,NOP,18,463,16.3,.613,.698,.263,1.7,14.2,8.0,11.2,1.5,1.3,5.2,19.6,0.9,0.5,1.4,.150,2.5,-0.5,2.0,0.5
367,334,Dejounte Murray,SG,27,ATL,40,1382,16.7,.566,.349,.174,2.1,13.3,7.5,21.1,1.8,0.7,10.6,24.5,1.7,0.7,2.3,.080,1.3,-0.9,0.4,0.8
368,335,Jamal Murray,PG,26,DEN,28,858,20.6,.584,.346,.202,2.1,11.0,6.7,31.5,1.4,2.0,10.1,27.6,1.8,0.9,2.7,.151,4.3,-0.5,3.8,1.3
369,336,Keegan Murray,SF,23,SAC,36,1176,13.9,.577,.506,.128,4.5,14.5,9.3,7.1,1.7,1.5,6.1,19.0,1.2,1.1,2.3,.094,-0.3,-0.7,-1.0,0.3
370,337,Kris Murray,SF,23,POR,24,300,10.4,.484,.512,.128,6.3,10.5,8.2,7.7,3.3,0.9,9.9,14.2,0.0,0.3,0.3,.043,-3.2,0.9,-2.3,0.0
371,338,Mike Muscala,C,32,TOT,25,353,7.4,.462,.574,.213,6.9,17.0,11.9,8.4,0.7,2.1,13.5,14.2,-0.2,0.1,-0.1,-0.019,-4.6,-1.9,-6.5,-0.4
372,338,Mike Muscala,C,32,WAS,24,338,7.6,.481,.567,.222,6.9,17.1,11.9,8.1,0.7,1.7,13.9,14.3,-0.2,0.1,-0.1,-0.013,-4.5,-1.9,-6.4,-0.4
373,338,Mike Muscala,C,32,DET,1,15,3.0,.000,.750,.000,7.3,15.3,11.2,15.3,0.0,10.9,0.0,11.2,-0.1,0.0,0.0,-0.143,-6.7,-0.4,-7.1,0.0
374,339,Svi Mykhailiuk,SF,26,BOS,19,150,3.9,.401,.784,.118,3.7,8.1,6.0,5.1,2.0,0.0,10.1,17.1,-0.3,0.2,-0.1,-0.029,-6.9,-1.3,-8.2,-0.2
375,340,Larry Nance Jr.,C,31,NOP,25,439,16.6,.670,.289,.278,9.2,23.0,16.1,9.0,3.0,2.2,16.8,12.8,0.7,0.8,1.5,.165,0.6,2.3,2.9,0.5
377,341,Andrew Nembhard,PG,24,IND,28,573,10.8,.544,.294,.102,3.4,6.4,4.9,24.9,2.0,0.1,20.2,18.6,0.1,0.2,0.2,.019,-2.2,-1.4,-3.6,-0.2
378,342,Aaron Nesmith,SF,24,IND,36,914,13.8,.659,.551,.193,3.8,11.1,7.4,5.3,2.1,2.2,8.8,16.0,1.4,0.5,1.9,.099,0.4,-0.2,0.2,0.5
379,343,Georges Niang,PF,30,CLE,39,861,9.4,.560,.621,.078,1.8,16.7,9.4,7.4,0.6,0.7,9.4,17.6,0.2,1.0,1.2,.068,-2.8,-0.3,-3.0,-0.2
380,344,Daishen Nix,PG,21,MIN,6,21,6.6,.450,.625,.250,0.0,5.1,2.7,0.0,2.3,0.0,0.0,18.5,0.0,0.0,0.0,-0.005,-4.8,0.3,-4.5,0.0
381,345,Zeke Nnaji,PF,23,DEN,34,328,11.7,.544,.179,.464,13.2,12.0,12.6,6.5,1.2,5.2,17.2,16.1,0.1,0.4,0.5,.079,-4.2,-0.3,-4.5,-0.2
382,346,Jaylen Nowell,SG,24,MEM,9,156,6.7,.453,.418,.055,2.0,8.0,4.9,15.3,0.9,0.0,8.2,16.8,-0.1,0.1,0.0,-0.001,-6.0,-1.5,-7.4,-0.2
383,347,Markquis Nowell,SG,24,TOR,1,4,55.6,.532,.000,2.000,54.3,0.0,27.6,55.7,12.1,0.0,0.0,20.1,0.0,0.0,0.1,.689,29.0,14.6,43.6,0.0
384,348,Frank Ntilikina,PG,25,CHO,1,4,-11.4,.000,1.000,.000,0.0,29.5,13.9,29.6,0.0,0.0,50.0,21.6,0.0,0.0,0.0,-0.500,-19.8,-10.0,-29.8,0.0
385,349,Jusuf Nurkić,C,29,PHO,38,1057,18.1,.562,.214,.372,12.3,30.5,21.8,17.8,1.7,3.5,14.7,20.1,1.3,1.7,3.0,.137,-0.3,0.8,0.6,0.7
386,350,Jordan Nwora,SF,25,IND,18,183,12.1,.541,.439,.134,5.0,15.7,10.4,12.7,1.5,0.4,12.1,22.4,0.0,0.1,0.1,.022,-1.8,-2.3,-4.1,-0.1
387,351,Royce O'Neale,SF,30,BRK,39,984,10.4,.537,.804,.069,3.4,16.5,9.8,16.2,1.4,2.2,13.8,13.4,0.5,0.9,1.4,.066,-1.4,0.9,-0.5,0.4
388,352,Chuma Okeke,SF,25,ORL,24,313,9.6,.516,.741,.037,6.4,18.0,12.1,7.3,0.9,2.0,10.8,12.6,0.0,0.4,0.5,.073,-1.3,0.5,-0.8,0.1
389,353,Josh Okogie,SG,25,PHO,34,645,11.3,.531,.460,.547,8.2,8.6,8.4,8.7,2.4,2.4,10.9,13.0,0.6,0.7,1.2,.092,-2.1,0.8,-1.4,0.1
390,354,Onyeka Okongwu,C,23,ATL,39,963,16.3,.657,.188,.355,11.0,18.9,14.9,7.4,0.8,3.6,10.1,13.4,2.3,0.6,2.9,.143,-0.3,-0.5,-0.8,0.3
391,355,Isaac Okoro,SF,23,CLE,30,783,11.6,.584,.397,.325,6.0,8.5,7.3,10.6,1.5,1.4,10.5,13.6,1.0,1.0,1.9,.117,-2.0,1.0,-0.9,0.2
392,356,Kelly Olynyk,C,32,UTA,40,840,16.8,.668,.335,.340,7.3,19.9,13.7,29.0,1.9,1.3,22.6,15.3,1.8,0.9,2.7,.153,0.9,1.9,2.8,1.0
393,357,Eugene Omoruyi,SF,26,WAS,19,110,24.8,.662,.309,.382,10.6,16.8,13.6,16.3,3.8,0.7,12.3,28.1,0.3,0.1,0.4,.167,3.1,0.7,3.8,0.2
394,358,Cedi Osman,SF,28,SAS,40,727,11.9,.592,.553,.179,2.5,13.1,7.7,14.1,1.3,0.6,9.0,16.1,0.6,0.4,1.0,.067,-1.4,-0.7,-2.1,0.0
395,359,Kelly Oubre Jr.,SF,28,PHI,27,733,13.5,.570,.442,.219,4.0,12.6,8.3,5.3,2.3,1.3,7.5,19.4,0.5,1.0,1.5,.101,-1.0,-0.1,-1.0,0.2
396,360,Chris Paul,PG,38,GSW,32,882,14.4,.543,.486,.171,1.2,13.8,7.5,34.6,2.0,0.3,12.6,14.3,1.7,0.7,2.4,.129,0.0,0.8,0.8,0.6
398,361,Cameron Payne,PG,29,MIL,39,596,12.5,.626,.597,.204,0.6,7.4,4.1,19.8,1.2,0.3,12.1,16.4,1.0,0.3,1.3,.105,-0.8,-1.0,-1.9,0.0
399,362,Gary Payton II,SG,31,GSW,16,261,11.3,.524,.405,.114,6.6,13.4,10.0,6.8,3.2,1.7,10.8,14.9,0.0,0.3,0.4,.065,-2.8,1.8,-1.0,0.1
400,363,Drew Peterson,PF,24,BOS,1,3,43.6,1.500,1.000,.000,0.0,0.0,0.0,60.1,0.0,0.0,0.0,14.3,0.0,0.0,0.0,.760,28.4,13.5,41.9,0.0
401,364,Filip Petrušev,C,23,TOT,3,10,5.0,.521,.000,1.000,0.0,10.9,5.5,0.0,0.0,0.0,0.0,12.2,0.0,0.0,0.0,.028,-4.8,-3.3,-8.1,0.0
402,364,Filip Petrušev,C,23,PHI,1,3,4.0,,,,0.0,36.3,18.4,0.0,0.0,0.0,,0.0,0.0,0.0,0.0,.070,-2.9,-2.2,-5.1,0.0
403,364,Filip Petrušev,C,23,SAC,2,7,5.4,.521,.000,1.000,0.0,0.0,0.0,0.0,0.0,0.0,0.0,17.4,0.0,0.0,0.0,.010,-5.7,-3.8,-9.5,0.0
404,365,Julian Phillips,SF,20,CHI,21,95,3.0,.349,.500,.167,3.4,9.6,6.4,8.4,0.5,3.2,7.2,12.8,-0.2,0.1,-0.1,-0.043,-7.8,-0.5,-8.2,-0.1
405,366,Jalen Pickett,SG,24,DEN,15,90,9.2,.599,.720,.080,1.3,12.2,6.8,13.9,1.6,0.0,18.8,15.3,0.0,0.1,0.1,.054,-2.4,-0.5,-2.9,0.0
406,367,Mason Plumlee,C,33,LAC,10,158,18.0,.704,.000,.903,8.2,23.8,16.2,9.3,1.6,2.3,10.3,13.3,0.4,0.2,0.6,.191,1.0,1.5,2.6,0.2
407,368,Brandin Podziemski,SG,20,GSW,34,828,13.5,.549,.428,.134,6.8,17.9,12.3,18.5,1.8,0.5,12.9,16.6,0.8,0.7,1.5,.089,-0.2,0.3,0.0,0.4
408,369,Jakob Poeltl,C,28,TOR,36,954,18.1,.675,.000,.319,11.3,23.6,17.3,13.0,1.2,4.6,16.8,15.2,1.7,1.2,2.9,.146,-0.5,1.3,0.8,0.7
409,370,Aleksej Pokusevski,PF,22,OKC,7,43,-0.4,.253,.727,.182,5.5,14.7,10.4,13.1,0.0,2.2,20.2,15.0,-0.1,0.0,-0.1,-0.118,-9.2,-2.2,-11.4,-0.1
410,371,Jordan Poole,SG,24,WAS,38,1106,11.4,.529,.440,.217,1.5,7.1,4.3,18.0,1.6,0.9,12.7,26.5,-0.9,0.1,-0.8,-0.034,-3.2,-2.7,-5.9,-1.1
411,372,Craig Porter Jr.,PG,23,CLE,26,418,16.5,.551,.130,.260,3.8,14.4,9.1,28.8,2.0,2.6,14.5,20.7,0.4,0.7,1.1,.122,-0.5,1.9,1.5,0.4
412,373,Jontay Porter,PF,24,TOR,8,125,12.7,.466,.564,.103,8.7,17.1,12.8,19.3,1.6,4.9,10.9,15.6,0.1,0.2,0.2,.084,-1.9,1.0,-0.9,0.0
413,374,Michael Porter Jr.,SF,25,DEN,42,1310,15.6,.603,.537,.104,4.4,20.9,12.8,6.4,0.8,2.1,7.0,20.3,1.6,1.5,3.1,.114,1.4,-1.2,0.3,0.8
414,375,Otto Porter Jr.,SF,30,TOR,15,174,8.8,.568,.697,.091,3.7,14.9,9.2,5.6,1.4,2.5,5.5,8.9,0.1,0.2,0.3,.084,-3.5,0.5,-3.0,0.0
415,376,Bobby Portis,PF,28,MIL,41,960,16.5,.582,.287,.158,8.0,23.4,16.0,6.3,1.4,1.6,8.0,21.4,1.1,1.0,2.2,.108,-0.6,-1.1,-1.8,0.1
416,377,Kristaps Porziņģis,C,28,BOS,30,891,21.8,.653,.406,.475,5.6,18.2,12.2,10.1,1.1,5.4,10.1,23.4,2.4,1.6,4.0,.217,2.8,2.0,4.8,1.5
417,378,Micah Potter,PF,25,UTA,2,7,1.6,.000,1.000,.000,0.0,61.7,31.3,0.0,0.0,0.0,0.0,5.9,0.0,0.0,0.0,-0.053,-8.3,-3.4,-11.7,0.0
418,379,Dwight Powell,C,32,DAL,39,624,16.4,.753,.023,.849,12.3,14.5,13.4,13.4,1.7,2.1,13.9,9.3,2.1,0.6,2.7,.208,0.3,0.9,1.2,0.5
419,380,Norman Powell,SG,30,LAC,40,1020,14.1,.646,.488,.248,0.7,9.4,5.2,5.4,1.1,1.3,8.0,19.3,1.7,0.8,2.4,.115,0.5,-0.8,-0.3,0.4
421,381,Joshua Primo,SG,21,LAC,1,5,-15.5,.500,.500,.000,0.0,0.0,0.0,0.0,0.0,18.3,60.0,43.6,-0.1,0.0,-0.1,-0.796,-20.2,-8.4,-28.6,0.0
422,382,Taurean Prince,PF,29,LAL,40,1227,8.5,.567,.672,.109,1.0,8.9,5.1,7.7,1.4,1.4,9.0,13.3,0.2,1.1,1.3,.050,-2.8,0.1,-2.7,-0.2
423,383,Payton Pritchard,PG,26,BOS,41,864,13.3,.561,.669,.112,5.3,10.7,8.1,18.8,1.0,0.4,7.9,15.7,1.6,1.0,2.6,.142,0.6,0.2,0.8,0.6
424,384,Olivier-Maxence Prosper,PF,21,DAL,23,214,10.6,.474,.492,.429,7.5,19.1,13.2,11.3,0.4,0.8,5.1,15.6,0.2,0.2,0.3,.071,-2.2,-1.6,-3.7,-0.1
425,385,Trevelin Queen,SG,26,ORL,7,129,8.0,.474,.448,.207,2.6,11.6,7.0,12.3,2.3,3.5,15.9,12.4,-0.1,0.2,0.1,.055,-5.1,2.1,-3.0,0.0
426,386,Neemias Queta,C,24,BOS,15,202,17.0,.598,.000,.333,17.7,21.2,19.5,4.7,1.4,3.1,8.8,14.4,0.5,0.4,0.9,.204,-2.2,-0.4,-2.5,0.0
427,387,Immanuel Quickley,SG-PG,24,TOT,39,999,17.1,.590,.465,.276,1.0,12.6,6.8,18.4,1.0,0.5,7.1,23.9,2.1,0.8,3.0,.142,2.5,-0.5,2.0,1.0
428,387,Immanuel Quickley,SG,24,NYK,30,720,16.8,.598,.484,.281,0.8,11.1,5.9,15.8,1.1,0.4,7.6,23.9,1.5,0.6,2.2,.144,2.4,-0.3,2.1,0.8
429,387,Immanuel Quickley,PG,24,TOR,9,279,17.7,.570,.417,.265,1.6,16.5,8.9,25.2,0.9,0.6,5.8,23.9,0.6,0.2,0.8,.137,2.7,-1.0,1.7,0.3
430,388,Lester Quinones,SG,23,GSW,8,54,8.2,.503,.571,.095,6.0,12.2,9.1,12.8,0.9,1.7,15.5,20.1,0.0,0.0,0.0,-0.008,-3.3,-2.1,-5.4,0.0
431,389,Julius Randle,PF,29,NYK,41,1459,18.6,.565,.288,.372,6.3,22.1,14.2,21.7,0.8,0.8,13.4,29.6,1.7,1.7,3.4,.112,1.7,-0.3,1.4,1.3
432,390,Duop Reath,C,27,POR,28,512,16.0,.583,.512,.178,8.3,17.8,12.7,9.6,1.5,2.3,9.1,20.8,0.7,0.5,1.1,.106,0.1,-0.5,-0.3,0.2
433,391,Austin Reaves,SG,25,LAL,42,1264,15.9,.621,.414,.329,3.2,11.9,7.7,24.6,1.4,0.4,15.1,20.6,1.9,1.2,3.0,.115,0.8,-0.4,0.4,0.8
434,392,Cam Reddish,SF,24,LAL,33,778,8.0,.511,.464,.219,2.8,8.3,5.7,7.4,2.5,0.9,12.1,13.3,-0.3,0.9,0.6,.035,-4.3,1.0,-3.3,-0.3
435,393,Paul Reed,C,24,PHI,39,604,16.7,.592,.103,.206,13.3,18.9,16.1,11.0,2.1,4.3,14.0,15.6,0.9,1.1,2.0,.158,-0.7,1.4,0.6,0.4
436,394,Naz Reid,C,24,MIN,40,899,16.6,.622,.501,.166,5.8,17.7,12.1,7.5,1.6,2.3,11.1,22.3,0.9,1.7,2.6,.138,1.1,1.0,2.1,0.9
437,395,Jared Rhoden,SG,24,DET,5,30,10.9,.658,.444,.222,3.7,11.5,7.5,14.2,0.0,0.0,16.8,16.7,0.0,0.0,0.0,.051,-2.8,-0.9,-3.7,0.0
438,396,Nick Richards,C,26,CHO,32,778,16.7,.708,.000,.466,10.6,25.0,17.4,4.9,0.8,4.6,12.9,12.5,1.7,0.5,2.2,.136,-1.7,-0.4,-2.1,0.0
439,397,Josh Richardson,SG,30,MIA,32,861,10.5,.559,.527,.172,1.8,9.6,5.7,14.4,1.1,1.2,10.2,16.1,0.5,0.8,1.3,.073,-2.0,-0.3,-2.4,-0.1
440,398,Duncan Robinson,SF,29,MIA,39,1129,13.1,.619,.667,.146,1.1,9.5,5.3,16.3,1.0,0.7,10.8,19.2,1.3,1.0,2.3,.098,0.3,-0.8,-0.5,0.4
441,399,Jerome Robinson,SG,26,GSW,6,23,-1.3,.207,.571,.857,4.7,9.5,7.1,5.0,0.0,3.9,0.0,17.6,-0.1,0.0,-0.1,-0.160,-11.1,-5.1,-16.2,-0.1
442,400,Mitchell Robinson,C,25,NYK,21,613,15.9,.567,.000,.388,20.3,18.8,19.5,3.2,2.6,4.1,15.5,9.4,0.9,1.1,2.0,.153,-0.4,0.9,0.5,0.4
444,401,Orlando Robinson,C,23,MIA,17,218,14.6,.606,.203,.271,9.3,22.2,15.7,16.8,1.1,3.1,16.4,16.0,0.3,0.3,0.6,.131,-1.8,0.9,-0.9,0.1
445,402,Jeremiah Robinson-Earl,PF,23,NOP,17,195,12.6,.634,.373,.118,6.3,19.1,12.8,6.2,1.5,1.5,14.4,13.8,0.2,0.3,0.4,.108,-1.3,0.0,-1.3,0.0
446,403,David Roddy,PF,22,MEM,37,820,9.1,.506,.437,.167,4.4,14.6,9.3,8.9,1.2,1.0,11.0,16.9,-0.4,0.9,0.5,.027,-3.6,-0.7,-4.3,-0.5
447,404,Ryan Rollins,PG,21,WAS,10,66,22.7,.631,.120,.680,3.2,14.8,8.9,23.6,5.6,3.7,17.7,25.2,0.1,0.1,0.2,.136,0.5,4.3,4.8,0.1
448,405,Derrick Rose,PG,35,MEM,17,304,12.3,.517,.258,.164,2.4,8.5,5.4,30.0,1.1,0.6,13.8,22.3,0.0,0.3,0.2,.038,-1.8,-1.2,-3.0,-0.1
449,406,Terry Rozier,SG,29,CHO,27,960,20.2,.586,.427,.240,1.8,10.3,5.8,31.1,1.5,1.1,9.0,27.4,2.0,0.2,2.2,.108,4.5,-1.4,3.1,1.2
450,407,Rayan Rupert,SG,19,POR,13,99,7.0,.438,.400,.171,5.3,15.9,10.2,14.8,1.0,0.0,13.7,18.6,-0.1,0.1,-0.1,-0.037,-4.3,-2.5,-6.8,-0.1
451,408,D'Angelo Russell,PG,27,LAL,38,1118,15.9,.583,.444,.165,1.2,8.8,5.2,30.4,1.3,1.5,12.6,22.7,1.2,1.0,2.2,.094,1.4,-0.5,0.9,0.8
452,409,Matt Ryan,SF,26,NOP,13,298,10.0,.679,.819,.169,1.9,9.2,5.6,6.2,0.8,0.3,15.2,15.2,0.3,0.2,0.5,.080,-0.6,-1.2,-1.7,0.0
453,410,Domantas Sabonis,C,27,SAC,40,1407,23.2,.651,.085,.390,10.4,30.4,20.1,33.9,1.1,1.4,17.5,22.6,4.2,1.7,5.9,.202,3.9,2.1,6.0,2.8
454,411,Luka Šamanić,PF,24,UTA,19,121,8.7,.478,.364,.236,6.4,27.7,17.2,4.7,0.4,1.5,12.9,23.9,-0.2,0.1,-0.1,-0.026,-5.4,-2.7,-8.1,-0.2
455,412,Jermaine Samuels,SF,25,HOU,6,38,15.5,.761,.286,.286,2.9,19.8,11.4,7.4,1.3,2.5,0.0,9.0,0.1,0.1,0.2,.204,-0.3,2.1,1.8,0.0
456,413,Adama Sanogo,PF,21,CHI,3,11,32.8,.926,.000,1.000,19.6,41.2,30.1,0.0,0.0,0.0,18.8,21.2,0.1,0.0,0.1,.284,9.0,1.7,10.7,0.0
457,414,Gui Santos,PF,21,GSW,5,32,15.1,.593,.600,.600,13.5,24.0,18.7,8.4,0.0,0.0,13.7,19.2,0.1,0.0,0.1,.125,-0.4,-2.8,-3.2,0.0
458,415,Dario Šarić,C,29,GSW,40,834,16.8,.621,.510,.265,7.4,22.3,14.8,16.5,1.5,0.8,13.1,19.5,1.6,0.8,2.4,.136,1.6,0.3,1.9,0.8
459,416,Olivier Sarr,C,24,OKC,9,68,13.6,.689,.455,.727,10.5,31.0,21.4,3.5,0.0,6.9,12.1,10.5,0.1,0.1,0.3,.188,-2.8,0.9,-2.0,0.0
460,417,Marcus Sasser,PG,23,DET,37,564,13.4,.579,.453,.123,1.2,10.6,5.8,23.9,1.7,1.2,13.0,18.3,0.6,0.2,0.7,.064,-0.4,-0.6,-1.0,0.1
461,418,Admiral Schofield,PF,26,ORL,11,44,0.6,.432,.615,.154,2.5,13.1,7.7,12.5,0.0,0.0,22.4,17.3,-0.1,0.0,-0.1,-0.086,-8.3,-1.5,-9.8,-0.1
462,419,Dennis Schröder,PG,30,TOR,41,1294,14.6,.571,.394,.248,1.5,8.3,4.8,28.0,1.3,0.3,11.1,19.2,2.1,0.7,2.8,.103,0.0,-1.0,-1.0,0.3
463,420,Dereon Seabron,SG,23,NOP,5,52,9.2,.448,.154,.462,2.2,12.7,7.5,9.5,1.9,1.9,0.0,12.9,0.0,0.1,0.1,.083,-2.9,1.1,-1.7,0.0
465,421,Alperen Şengün,C,21,HOU,40,1293,22.2,.589,.129,.347,8.7,21.4,15.1,25.8,1.9,2.3,12.5,27.9,2.2,2.2,4.4,.164,3.1,2.0,5.1,2.3
466,422,Brice Sensabaugh,SF,20,UTA,4,12,11.6,.417,.333,.000,9.3,18.0,13.7,23.6,0.0,0.0,0.0,20.8,0.0,0.0,0.0,.062,-1.0,-3.2,-4.2,0.0
467,423,Collin Sexton,SG,25,UTA,42,989,20.1,.618,.325,.391,3.9,8.3,6.1,26.5,1.4,0.6,11.6,27.2,2.7,0.5,3.2,.156,3.3,-1.1,2.2,1.0
468,424,Landry Shamet,SG,26,WAS,23,367,12.1,.579,.563,.167,0.9,7.7,4.2,11.7,1.9,1.6,8.8,19.5,0.1,0.1,0.2,.028,-1.9,-1.3,-3.3,-0.1
469,425,Day'Ron Sharpe,C,22,BRK,37,592,21.5,.598,.036,.456,18.1,28.6,23.2,13.3,1.4,4.9,13.8,19.3,1.3,0.9,2.1,.173,0.2,0.6,0.7,0.4
470,426,Shaedon Sharpe,SG,20,POR,32,1059,11.4,.524,.415,.274,4.1,13.5,8.5,13.9,1.3,1.0,12.9,22.2,-0.2,0.7,0.4,.020,-2.1,-0.9,-3.1,-0.3
471,427,Ben Sheppard,SG,22,IND,18,134,9.0,.495,.667,.178,3.4,7.7,5.6,9.6,1.7,0.0,2.0,15.3,0.1,0.0,0.1,.045,-3.3,-1.9,-5.2,-0.1
472,428,Pascal Siakam,PF,29,TOR,39,1354,18.9,.600,.233,.358,4.3,16.0,10.0,21.3,1.1,0.6,10.3,25.3,2.5,1.0,3.5,.124,2.1,-0.6,1.5,1.2
473,429,Ben Simmons,PG,27,BRK,6,191,12.8,.516,.000,.111,8.7,28.0,18.1,27.4,0.8,2.4,28.4,11.7,0.1,0.2,0.3,.074,-2.2,1.8,-0.3,0.1
474,430,Anfernee Simons,SG,24,POR,19,627,16.6,.557,.460,.253,1.5,11.0,5.9,26.0,0.8,0.3,10.1,29.3,0.7,0.2,0.9,.070,2.6,-2.4,0.2,0.3
475,431,Jericho Sims,C,25,NYK,18,116,8.3,.669,.000,.333,5.7,19.1,12.4,3.3,0.9,0.8,14.9,7.4,0.1,0.1,0.2,.097,-4.0,-0.5,-4.5,-0.1
476,432,Dmytro Skapintsev,C,25,NYK,2,2,-18.8,.000,.000,.000,0.0,0.0,0.0,0.0,0.0,0.0,0.0,21.2,0.0,0.0,0.0,-0.473,-16.4,-9.7,-26.2,0.0
477,433,Jalen Slawson,SF,24,SAC,5,19,5.4,.667,.333,.000,0.0,24.2,11.8,13.3,0.0,4.8,40.0,11.2,0.0,0.0,0.0,-0.008,-7.3,1.3,-6.0,0.0
478,434,Javonte Smart,PG,24,PHI,1,1,0.0,,,,0.0,0.0,0.0,0.0,0.0,0.0,,0.0,0.0,0.0,0.0,.014,-5.9,-2.0,-7.8,0.0
479,435,Marcus Smart,PG,29,MEM,20,605,11.7,.552,.565,.236,1.0,8.8,4.8,22.2,3.3,0.8,19.2,22.8,-0.6,0.9,0.3,.025,-3.4,1.0,-2.4,-0.1
480,436,Dennis Smith Jr.,PG,26,BRK,25,496,13.7,.487,.293,.186,5.0,13.2,9.0,29.0,2.8,1.1,13.0,17.8,0.4,0.5,0.9,.085,-2.4,1.8,-0.7,0.2
481,437,Dru Smith,SG,26,MIA,9,131,12.7,.576,.515,.061,5.2,7.0,6.1,15.0,3.4,2.2,12.9,13.1,0.1,0.2,0.3,.118,-1.8,3.0,1.2,0.1
482,438,Ish Smith,PG,35,CHO,32,532,7.0,.476,.051,.034,2.0,9.5,5.5,24.8,0.9,0.5,24.7,12.8,-0.4,0.0,-0.4,-0.036,-5.3,-1.7,-7.0,-0.7
483,439,Jabari Smith Jr.,PF,20,HOU,39,1226,13.9,.587,.420,.222,6.6,23.1,15.0,6.8,0.8,2.3,9.9,17.4,1.2,1.8,3.0,.117,-0.8,0.4,-0.4,0.5
484,440,Jalen Smith,C,23,IND,27,477,19.2,.713,.365,.276,9.4,25.6,17.5,8.6,0.6,2.0,11.2,18.6,1.3,0.3,1.6,.159,2.5,-1.0,1.5,0.4
486,441,Nick Smith Jr.,SG,19,CHO,23,343,10.0,.546,.493,.028,4.0,8.6,6.2,11.4,0.4,1.8,12.2,20.6,-0.1,0.0,-0.1,-0.018,-1.4,-2.7,-4.1,-0.2
487,442,Jeremy Sochan,PF,20,SAS,40,1174,10.6,.513,.270,.198,5.6,15.1,10.3,18.5,1.2,1.1,15.2,18.3,-0.4,0.7,0.4,.014,-2.9,-1.0,-3.9,-0.6
488,443,Jaden Springer,SG,21,PHI,24,237,7.5,.424,.325,.234,8.5,6.9,7.7,12.1,2.7,3.3,17.5,18.4,-0.4,0.3,0.0,-0.007,-5.8,0.5,-5.3,-0.2
489,444,Lamar Stevens,PF,26,BOS,16,103,12.3,.506,.206,.235,8.7,14.8,11.9,7.8,2.8,4.3,15.7,18.5,0.0,0.2,0.2,.077,-4.2,1.6,-2.6,0.0
490,445,Isaiah Stewart,PF,22,DET,31,950,10.4,.573,.437,.198,6.6,19.0,12.6,7.8,0.5,1.9,14.9,15.2,0.3,0.3,0.6,.028,-2.1,-1.3,-3.4,-0.3
491,446,Julian Strawther,SF,21,DEN,33,458,9.3,.500,.622,.124,1.0,10.8,6.0,10.2,1.7,1.1,7.1,19.9,-0.2,0.5,0.3,.033,-3.8,-1.0,-4.8,-0.3
492,447,Max Strus,SF,27,CLE,39,1306,10.5,.529,.669,.113,2.4,13.9,8.2,15.1,1.3,1.5,11.9,17.8,0.2,1.8,2.0,.073,-1.8,0.7,-1.1,0.3
493,448,Jalen Suggs,SG,22,ORL,37,990,13.3,.589,.515,.220,2.8,11.7,7.2,13.5,2.4,2.3,15.1,20.8,0.2,1.6,1.8,.089,-1.3,1.5,0.2,0.5
494,449,Cole Swider,SF,24,MIA,8,38,14.5,.605,.737,.000,3.0,3.0,3.0,13.4,1.3,2.6,13.6,25.5,0.0,0.0,0.0,.031,3.9,-0.3,3.6,0.1
495,450,Jae'Sean Tate,SF,28,HOU,38,716,9.6,.564,.403,.188,6.0,14.6,10.3,7.7,1.8,0.8,9.5,10.8,0.6,1.0,1.6,.106,-3.5,1.6,-1.9,0.0
496,451,Jayson Tatum,PF,25,BOS,38,1359,21.7,.606,.436,.359,2.7,21.4,12.5,19.6,1.3,1.2,10.7,30.0,2.8,2.2,5.1,.178,4.2,0.8,5.0,2.3
497,452,Terry Taylor,PF,24,CHI,15,104,9.1,.583,.238,.048,11.4,7.6,9.6,4.0,1.4,2.0,21.9,11.6,0.0,0.1,0.1,.046,-4.4,0.1,-4.3,-0.1
498,453,Garrett Temple,SG,37,TOR,10,41,16.2,.735,.400,.200,2.6,13.7,8.1,19.5,2.4,0.0,15.5,13.4,0.1,0.0,0.1,.158,0.2,1.2,1.4,0.0
499,454,Dalen Terry,SG,21,CHI,26,252,7.4,.474,.574,.259,3.4,14.4,8.8,15.7,1.0,2.8,17.8,12.8,-0.1,0.2,0.1,.027,-4.7,0.7,-3.9,-0.1
500,455,Daniel Theis,C,31,TOT,30,503,14.5,.583,.193,.247,11.2,13.4,12.4,6.7,1.4,4.9,10.7,16.1,0.7,0.6,1.3,.126,-1.8,0.2,-1.6,0.0
501,455,Daniel Theis,C,31,IND,1,8,-6.7,.250,.250,.000,0.0,0.0,0.0,0.0,0.0,0.0,0.0,20.7,0.0,0.0,0.0,-0.264,-13.1,-7.3,-20.4,0.0
502,455,Daniel Theis,C,31,LAC,29,495,14.9,.592,.192,.253,11.4,13.6,12.6,6.8,1.4,5.0,11.0,16.0,0.7,0.6,1.4,.132,-1.6,0.3,-1.3,0.1
503,456,Cam Thomas,SG,22,BRK,31,884,14.1,.526,.318,.256,0.9,8.6,4.7,12.7,0.9,1.0,7.5,30.9,-0.1,0.4,0.3,.018,-1.1,-2.4,-3.5,-0.3
504,457,Amen Thompson,SF,21,HOU,21,326,12.0,.509,.257,.343,5.4,18.8,12.2,16.7,2.8,1.5,17.1,19.3,-0.2,0.6,0.4,.054,-3.7,2.1,-1.6,0.0
505,458,Ausar Thompson,SF,21,DET,41,970,12.4,.498,.228,.257,9.8,22.9,16.2,11.7,1.8,3.3,14.2,17.0,-0.2,0.8,0.7,.033,-3.4,0.2,-3.2,-0.3
506,459,Klay Thompson,SF,33,GSW,39,1187,12.9,.571,.608,.148,2.0,10.6,6.3,11.5,0.8,1.5,9.9,23.2,0.8,0.5,1.3,.053,0.8,-1.9,-1.1,0.3
507,460,Tristan Thompson,PF,32,CLE,34,411,14.5,.615,.000,.476,15.8,19.1,17.5,12.2,0.8,2.0,17.8,12.9,0.6,0.6,1.2,.141,-1.7,0.7,-1.0,0.1
509,461,JT Thor,PF,21,CHO,32,470,6.2,.405,.432,.059,7.6,13.3,10.3,3.9,0.6,2.7,6.2,11.8,-0.3,0.1,-0.2,-0.023,-5.0,-2.2,-7.2,-0.6
510,462,Matisse Thybulle,SF,26,POR,38,863,10.6,.572,.799,.078,1.9,8.4,4.9,6.6,3.4,3.4,9.7,10.0,0.4,1.0,1.4,.079,-2.3,3.1,0.7,0.6
511,463,Xavier Tillman Sr.,C,25,MEM,28,564,11.8,.441,.267,.188,8.8,17.2,12.9,11.4,2.9,4.4,11.6,16.3,-0.5,1.0,0.5,.047,-3.9,2.0,-1.8,0.0
512,464,Jacob Toppin,SF,23,NYK,3,4,16.8,,,,0.0,0.0,0.0,29.0,0.0,23.2,,0.0,0.0,0.0,0.0,.199,5.7,6.9,12.6,0.0
513,465,Obi Toppin,PF,25,IND,40,943,16.1,.698,.436,.193,5.1,14.3,9.7,8.2,1.0,1.7,8.1,15.8,2.2,0.3,2.6,.132,1.8,-1.0,0.8,0.7
514,466,Juan Toscano-Anderson,SF,30,SAC,11,53,2.5,.292,.333,.000,8.2,21.7,14.8,9.0,0.9,1.7,14.3,11.2,-0.1,0.1,0.0,-0.027,-8.9,-0.7,-9.6,-0.1
515,467,Karl-Anthony Towns,PF,28,MIN,39,1284,19.2,.633,.310,.304,5.7,23.6,15.3,15.2,1.2,1.4,14.0,26.7,1.9,2.4,4.4,.163,1.7,1.2,2.9,1.6
516,468,Gary Trent Jr.,SG,25,TOR,36,929,11.1,.547,.545,.117,1.2,8.5,4.8,8.4,1.5,0.4,5.2,18.7,0.3,0.5,0.9,.046,-1.4,-1.2,-2.6,-0.1
517,469,Oscar Tshiebwe,PF,24,IND,6,34,24.8,.563,.000,.375,20.2,20.3,20.3,7.9,2.7,0.0,0.0,22.7,0.1,0.0,0.2,.217,5.3,-2.3,3.0,0.0
518,470,P.J. Tucker,PF,38,TOT,15,239,5.4,.492,.842,.158,7.8,12.4,10.1,3.8,1.8,1.1,16.4,4.4,0.1,0.3,0.4,.082,-4.3,1.0,-3.3,-0.1
519,470,P.J. Tucker,PF,38,PHI,3,66,4.6,.600,1.000,.000,1.7,21.4,11.7,0.0,2.2,2.6,28.6,4.5,0.0,0.1,0.1,.062,-5.1,1.3,-3.8,0.0
520,470,P.J. Tucker,PF,38,LAC,12,173,5.7,.457,.786,.214,10.2,9.0,9.6,5.3,1.7,0.5,11.5,4.4,0.2,0.2,0.3,.089,-4.0,0.9,-3.1,0.0
521,471,Myles Turner,C,27,IND,39,1069,19.5,.631,.338,.371,7.6,22.8,15.2,6.3,1.0,5.5,9.9,22.8,2.0,0.9,3.0,.133,0.9,-0.4,0.4,0.7
522,472,Hunter Tyson,PF,23,DEN,8,20,-1.3,.250,.750,.000,0.0,27.4,14.0,5.7,0.0,0.0,0.0,8.7,0.0,0.0,0.0,-0.028,-10.6,-1.3,-11.9,0.0
523,473,Stanley Umude,SG,24,DET,15,155,13.4,.693,.614,.523,2.1,18.6,10.1,7.0,1.2,2.6,15.6,17.4,0.2,0.1,0.3,.100,-0.4,0.2,-0.2,0.1
524,474,Jonas Valančiūnas,C,31,NOP,42,1116,20.5,.641,.185,.308,10.7,28.9,19.9,12.6,1.0,4.4,11.7,19.8,2.7,1.9,4.5,.195,1.5,0.8,2.3,1.2
525,475,Jarred Vanderbilt,PF,24,LAL,21,399,7.7,.456,.313,.297,7.8,18.1,13.1,6.8,2.2,0.7,16.2,9.3,-0.1,0.5,0.4,.052,-4.9,0.9,-4.0,-0.2
526,476,Fred VanVleet,PG,29,HOU,39,1447,16.5,.562,.566,.236,1.1,9.8,5.5,33.4,1.3,1.9,9.4,19.7,2.8,1.7,4.5,.149,2.9,0.5,3.4,2.0
527,477,Devin Vassell,SG,23,SAS,35,1070,15.3,.570,.476,.200,1.4,10.6,5.9,15.9,1.9,0.6,7.3,23.0,0.7,0.7,1.4,.063,0.4,-0.9,-0.5,0.4
528,478,Sasha Vezenkov,PF,28,SAC,31,402,12.8,.557,.596,.053,7.3,15.2,11.1,4.8,1.7,1.3,6.6,17.5,0.3,0.4,0.6,.077,-0.7,-1.2,-1.8,0.0
529,479,Gabe Vincent,PG,27,LAL,5,127,6.0,.411,.531,.063,1.8,2.5,2.2,15.0,2.3,0.0,5.7,11.9,-0.1,0.1,0.0,.017,-5.7,1.5,-4.3,-0.1
530,480,Nikola Vučević,C,33,CHI,37,1251,16.5,.518,.263,.103,8.3,26.3,17.0,16.2,1.1,2.3,9.1,23.2,0.6,1.6,2.2,.084,-0.3,-0.3,-0.6,0.4
532,481,Dean Wade,PF,27,CLE,32,700,9.5,.569,.852,.134,4.8,17.9,11.5,5.4,2.1,1.0,9.6,10.2,0.5,1.1,1.6,.111,-2.7,2.0,-0.6,0.2
533,482,Franz Wagner,SF,22,ORL,34,1135,17.6,.561,.291,.289,3.5,16.5,9.9,19.0,1.7,1.0,9.1,26.1,1.3,1.6,3.0,.125,0.8,0.5,1.4,1.0
534,483,Moritz Wagner,C,26,ORL,39,762,19.3,.665,.239,.345,9.1,18.3,13.6,11.1,1.3,1.6,12.9,21.7,1.7,1.1,2.8,.174,1.0,0.7,1.7,0.7
535,484,Ish Wainright,SF,29,POR,7,46,10.2,.530,.889,.111,0.0,23.7,11.0,0.0,2.1,2.0,5.0,18.2,0.0,0.1,0.0,.051,-1.5,0.6,-0.9,0.0
536,485,Jabari Walker,SF,21,POR,36,713,14.7,.584,.304,.392,9.4,24.3,16.3,6.4,1.7,1.8,11.8,17.1,0.7,0.8,1.5,.104,-2.1,-0.2,-2.3,0.0
537,486,Jarace Walker,PF,20,IND,13,127,12.9,.510,.422,.156,3.6,11.8,7.7,16.0,2.9,3.1,9.4,17.3,0.1,0.1,0.2,.069,-0.6,0.8,0.2,0.1
538,487,Lonnie Walker IV,SG,25,BRK,22,427,17.2,.622,.533,.181,1.0,12.5,6.6,11.6,1.5,1.9,11.0,25.3,0.4,0.3,0.7,.083,2.7,-0.6,2.1,0.5
539,488,Cason Wallace,SG,20,OKC,40,849,10.9,.616,.517,.112,3.4,7.7,5.7,8.4,1.5,2.1,8.1,11.9,1.0,0.8,1.9,.105,-1.0,0.3,-0.7,0.3
540,489,Jordan Walsh,SF,19,BOS,1,3,3.9,.000,1.000,.000,0.0,100.0,71.0,0.0,0.0,0.0,0.0,14.3,0.0,0.0,0.0,-0.103,-14.4,3.3,-11.1,0.0
541,490,P.J. Washington,PF,25,CHO,32,912,12.1,.520,.494,.169,5.0,16.2,10.3,11.8,1.5,2.4,10.6,20.5,-0.2,0.4,0.3,.013,-2.2,-1.2,-3.4,-0.3
542,491,TyTy Washington Jr.,PG,22,MIL,2,6,0.7,.500,.667,.000,0.0,17.6,9.1,0.0,7.9,0.0,40.0,35.3,-0.1,0.0,0.0,-0.363,-11.2,0.3,-10.9,0.0
543,492,Yuta Watanabe,SF,29,PHO,25,365,4.7,.482,.793,.163,3.6,9.7,6.8,3.6,0.9,1.7,13.2,13.5,-0.3,0.2,-0.1,-0.010,-4.9,-1.8,-6.7,-0.4
544,493,Lindy Waters III,SG,26,OKC,14,110,11.5,.635,.946,.000,1.1,10.6,6.1,10.4,0.0,1.7,5.1,15.3,0.2,0.1,0.3,.110,0.7,-1.4,-0.7,0.0
545,494,Trendon Watford,PF,23,BRK,29,364,17.5,.616,.200,.223,7.7,18.0,12.7,19.8,1.9,1.7,14.4,19.5,0.6,0.4,1.0,.133,0.0,1.2,1.2,0.3
546,495,Peyton Watson,SF,21,DEN,40,696,12.6,.570,.369,.262,3.8,13.1,8.5,7.0,1.5,3.8,7.7,16.1,0.6,0.9,1.4,.099,-1.8,0.3,-1.5,0.1
547,496,Victor Wembanyama,C,20,SAS,35,998,21.2,.553,.312,.287,7.9,30.7,19.1,16.8,1.8,9.6,15.0,31.0,-0.7,1.8,1.1,.054,0.3,2.0,2.4,1.1
548,497,Blake Wesley,SG,20,SAS,19,171,9.1,.467,.217,.370,2.5,9.0,5.6,26.8,1.6,0.5,11.6,14.8,0.0,0.1,0.1,.030,-5.4,-0.1,-5.4,-0.1
549,498,Russell Westbrook,PG,35,LAC,40,922,16.5,.517,.245,.245,7.9,20.4,14.3,29.1,2.4,1.7,17.3,24.1,0.3,1.4,1.6,.084,0.3,1.2,1.5,0.8
550,499,Coby White,PG,23,CHI,42,1489,14.6,.584,.494,.215,1.3,12.6,6.8,21.2,0.9,0.9,11.9,22.3,1.6,1.1,2.6,.085,0.8,-0.9,-0.1,0.7
551,500,Derrick White,SG,29,BOS,37,1183,17.6,.629,.565,.245,2.4,10.4,6.6,21.3,1.6,3.2,11.7,19.2,2.7,1.8,4.5,.182,2.7,1.7,4.4,1.9
553,501,Cam Whitmore,SF,19,HOU,17,241,17.6,.595,.436,.256,4.1,18.7,11.5,3.4,2.6,0.8,7.8,25.3,0.1,0.4,0.6,.111,0.5,0.4,0.8,0.2
554,502,Aaron Wiggins,SG,25,OKC,37,455,14.1,.667,.293,.220,6.0,13.9,10.2,8.2,1.9,0.6,11.8,14.5,0.8,0.6,1.3,.141,-0.3,0.0,-0.2,0.2
555,503,Andrew Wiggins,SF,28,GSW,36,948,9.4,.495,.294,.235,7.3,9.9,8.6,8.0,0.6,1.4,10.6,21.4,-0.4,0.4,0.0,-0.001,-3.3,-2.5,-5.8,-0.9
556,504,Lindell Wigginton,PG,25,MIL,3,8,5.7,.510,.400,.400,0.0,0.0,0.0,0.0,0.0,0.0,14.5,36.4,0.0,0.0,0.0,-0.154,-14.6,-9.3,-23.9,0.0
557,505,Brandon Williams,PG,24,DAL,5,30,20.2,.606,.273,.455,7.1,11.1,9.1,29.0,1.6,2.9,13.2,21.5,0.1,0.0,0.1,.152,3.4,0.1,3.5,0.0
558,506,Grant Williams,PF,25,DAL,38,1019,8.3,.557,.680,.170,4.0,10.4,7.1,8.3,0.8,2.1,12.0,13.2,0.4,0.7,1.1,.051,-2.5,-0.8,-3.3,-0.3
559,507,Jalen Williams,PF,22,OKC,37,1179,18.1,.636,.229,.260,2.0,11.9,7.3,19.7,1.5,1.4,11.6,22.4,2.3,1.3,3.7,.149,1.6,0.0,1.6,1.1
560,508,Jaylin Williams,C,21,OKC,32,369,11.4,.530,.660,.150,4.5,24.3,15.0,14.4,1.4,1.5,10.1,13.9,0.3,0.6,0.9,.117,-1.3,1.5,0.2,0.2
561,509,Jeenathan Williams,SG,24,HOU,6,36,16.9,.549,.125,.313,9.2,0.0,4.5,13.4,2.7,0.0,5.2,23.1,0.1,0.0,0.1,.131,-1.1,0.0,-1.1,0.0
562,510,Kenrich Williams,PF,29,OKC,29,448,11.3,.569,.532,.092,5.6,14.6,10.4,12.3,1.7,0.8,8.8,12.0,0.5,0.6,1.1,.116,-0.7,0.6,-0.1,0.2
563,511,Mark Williams,C,22,CHO,19,508,22.3,.675,.000,.424,15.8,25.1,20.2,6.7,1.5,3.5,8.7,16.7,1.6,0.4,2.0,.186,1.3,-1.0,0.3,0.3
564,512,Patrick Williams,PF,22,CHI,39,1068,11.2,.556,.393,.189,4.3,11.5,7.8,8.1,1.7,2.9,12.9,16.3,0.1,1.1,1.2,.055,-2.2,0.2,-2.1,0.0
565,513,Robert Williams,C,26,POR,6,119,17.1,.684,.000,.346,9.6,27.5,17.9,6.3,2.9,5.3,18.9,13.1,0.1,0.2,0.4,.143,-2.4,2.8,0.4,0.1
566,514,Vince Williams Jr.,SG,23,MEM,30,690,11.1,.567,.709,.342,5.8,19.5,12.4,12.3,1.4,2.6,15.0,13.2,0.4,1.0,1.4,.097,-2.6,1.4,-1.2,0.1
567,515,Ziaire Williams,SF,22,MEM,38,720,9.5,.519,.506,.195,4.0,16.4,10.0,10.5,1.3,1.2,13.7,19.9,-0.6,0.9,0.3,.019,-3.8,-0.4,-4.1,-0.4
568,516,Zion Williamson,PF,23,NOP,34,1031,22.4,.616,.018,.468,6.7,14.3,10.5,25.8,1.6,1.2,12.6,28.9,2.3,1.2,3.5,.162,3.3,0.3,3.7,1.5
569,517,Jalen Wilson,PF,23,BRK,11,104,19.9,.635,.250,.469,15.0,9.4,12.3,12.2,1.4,0.9,7.2,17.0,0.4,0.1,0.4,.204,2.4,-1.1,1.3,0.1
570,518,Dylan Windler,SF,27,TOT,4,12,19.5,1.000,1.000,.000,0.0,9.2,4.6,23.8,0.0,0.0,0.0,10.7,0.1,0.0,0.1,.286,6.2,3.3,9.5,0.0
571,518,Dylan Windler,SF,27,NYK,3,7,15.3,.750,1.000,.000,0.0,15.8,7.9,19.8,0.0,0.0,0.0,12.1,0.0,0.0,0.0,.232,3.5,3.8,7.4,0.0
572,518,Dylan Windler,SF,27,LAL,1,5,25.3,1.500,1.000,.000,0.0,0.0,0.0,29.4,0.0,0.0,0.0,8.6,0.0,0.0,0.0,.362,9.8,2.6,12.5,0.0
573,519,James Wiseman,C,22,DET,28,419,15.4,.684,.018,.301,10.7,21.4,15.9,6.2,0.5,3.9,16.3,15.3,0.6,0.2,0.8,.093,-2.1,-1.2,-3.4,-0.1
574,520,Christian Wood,PF,28,LAL,36,685,12.0,.583,.453,.353,5.4,26.5,16.4,6.9,0.6,3.4,15.6,17.3,0.0,1.0,0.9,.063,-2.7,-0.3,-3.0,-0.2
576,521,Delon Wright,PG,31,WAS,18,310,13.6,.488,.359,.295,2.7,10.9,6.7,24.3,3.8,1.1,10.2,13.4,0.2,0.2,0.5,.075,-2.6,1.8,-0.8,0.1
577,522,Thaddeus Young,PF,35,TOR,13,143,13.1,.497,.108,.135,7.6,15.7,11.6,22.6,3.4,0.6,15.2,13.8,0.1,0.2,0.3,.092,-2.6,1.9,-0.7,0.0
578,523,Trae Young,PG,25,ATL,38,1388,20.9,.578,.461,.421,1.5,7.7,4.5,44.8,1.8,0.6,15.5,31.2,3.2,0.4,3.6,.124,5.3,-2.1,3.1,1.8
579,524,Omer Yurtseven,C,25,UTA,24,256,11.8,.529,.197,.132,15.2,28.7,22.0,7.0,0.8,3.5,21.5,16.6,-0.1,0.3,0.2,.036,-3.9,-0.7,-4.7,-0.2
580,525,Cody Zeller,C,31,NOP,29,255,10.9,.464,.061,.673,14.9,19.8,17.4,15.0,0.8,1.2,14.8,12.6,0.3,0.3,0.5,.103,-3.2,-0.2,-3.4,-0.1
581,526,Ivica Zubac,C,26,LAC,38,1030,19.7,.665,.000,.342,14.1,26.5,20.5,6.7,0.4,4.6,10.9,16.8,2.7,1.4,4.1,.191,0.8,-0.2,0.6,0.7
